user id, text, retweet, favorite, hashtag, create time
1005539977059491840,RT @gingerol95: tompoleman 인스타(3)https://t.co/rDt6Z3lRUg#방탄소년단 #BTS @BTS_twt #iHeartBTS ,3792,0,3,Nov Wed 13 15:49:41 +0000 2019,
1005539977059491840,RT @gingerol95: tompoleman 인스타(1)https://t.co/rDt6Z3lRUg#방탄소년단 #BTS @BTS_twt #iHeartBTS ,6951,0,3,Nov Mon 11 15:48:31 +0000 2019,
1023484086357114880,RT @MarkasLotto: 190521 | Nature Republic Weibo Update with EXO [3/3]🔗https://t.co/BvzOEEiN3s#EXO #CHANYEOL #KYUN,19,0,5,Sep Mon 23 07:54:18 +0000 2019,
1023484086357114880,RT @MarkasLotto: 190521 | Nature Republic Weibo Update with EXO [2/3]🔗https://t.co/BvzOEEiN3s#EXO #XIUMIN #SUHO #,21,0,5,Sep Tue 10 07:54:01 +0000 2019,
1023484086357114880,RT @MarkasLotto: 190521 | Nature Republic Weibo Update with EXO [1/3]🔗https://t.co/BvzOEEiN3s#EXO #CHANYEOL #KYUN,32,0,5,Oct Thu 03 07:53:57 +0000 2019,
1035913700576612352,화린가(이) 미연시 공략캐가 되었다.어 개똑같https://t.co/AGlOTzKs9i퍼스널 컬러: 코랄특이사항: 최연장자플레이어들의 반응: 지금... 화린의 이름을 말했나요? 큭... 크흣... 끅.. 흑흐엉...,0,0,0,Oct Sun 20 15:11:53 +0000 2019,
1035913700576612352,레페가(이) 미연시 공략캐가 되었다.어 이거 좀 비슷하다ㅋㅋㅋㅋ인성 개바닥임https://t.co/IBrdsX293p퍼스널 컬러: 코랄특이사항: 개그성 짙음플레이어들의 반응: ㅁ ㅓ가 어케댄거임????,0,0,0,Oct Mon 07 15:10:58 +0000 2019,
1035913700576612352,아현님 아래의 질문에 대답해주세요!1. 상추 vs 깻잎2. 초코파이 vs 몽쉘3. 축구 vs 야구1. 쌈싸먹을땐 깻잎2. !!몽쉘!!3. 둘다 안좋아하고 배구랑 수영좋아함#당신의양자택일,0,0,1,Sep Sat 28 15:09:41 +0000 2019,
1035913700576612352,임현희님 아래의 질문에 대답해주세요!1. 사랑 vs 우정2. 귀걸이 vs 목걸이3. 말랑한 복숭아 vs 딱딱한 복숭아1. 둘다 똑같은데..우정?2. 귀걸이3. 말봉이 진짜 개꿀맛이지..#당신의양자택일,0,2,1,Oct Sat 19 15:09:02 +0000 2019,
1040494902646210563,세븐틴 홈 HOME YMMD 앨범 / 포카 판매❤️포카렌큘은 타래 참고해주세요!https://t.co/Ndy40hhIuS     #세븐틴⁠ ⁠ #세븐틴포카 #홈포카 #홈 #HOME #양도 #앨범 ,0,0,7,Aug Mon 26 06:03:02 +0000 2019,
1040494902646210563,세븐틴 홈 HOME YMMD 앨범 / 포카 판매❤️포카렌큘은 타래 참고해주세요!https://t.co/Ndy40hhIuS     #세븐틴⁠ ⁠ #세븐틴포카 #홈포카 #홈 #HOME #양도 #앨범 ,0,0,7,Oct Sun 06 06:02:47 +0000 2019,
1040494902646210563,세븐틴 홈 HOME YMMD 앨범 / 포카 판매❤️포카-0.3렌큘-0.4비하인드카드-0.4앨범만(구성품X)-0.2준등기-0.1택배-0.4포카렌큘은 타래 참고해주세요!https://t.co/Ndy40hhIuS     #세븐틴⁠ ⁠ #세븐틴포카 #홈포카 #홈 #HOME #양도 #앨범 ,0,0,7,Aug Tue 13 06:01:57 +0000 2019,
1040494902646210563,세븐틴 어쩌나 YMMD 앨범 / 포카 판매❤️셋더썬 밋 팔로우https://t.co/Ndy40hhIuS   #세븐틴 #세븐틴포카 #어쩌나포카 #어쩌나 #양도 #앨범 ,0,0,6,Nov Mon 25 06:01:11 +0000 2019,
1040494902646210563,세븐틴 어쩌나 YMMD 앨범 / 포카 판매❤️포카-0.3렌큘-0.3앨범만(포카와 렌큘 없음)-0.2준등기-0.1포카렌큘은 타래 참고해주세요!https://t.co/Ndy40hhIuS   #세븐틴 #세븐틴포카 #어쩌나포카 #어쩌나 #양도 #앨범 ,0,0,6,Sep Fri 06 06:00:18 +0000 2019,
1040494902646210563,🌸일본 하루 HARU 콘서트 우치와 양도🌸💎하나우치와 하루우치와 전 멤버 다 있습니다가격 15000택배비용 4500 (우체국택배)🌟내일 바로 택배 보내드릴수 있어요🌟구매문의https://t.co/Ndy40hhIuS #세븐틴 #우치와 #양도 #하루콘 #일콘 #HARU ,1,1,6,Sep Mon 02 10:33:52 +0000 2019,
1040494902646210563,🌸일본 HARU 콘서트 모시모시 모시모 양도🌸가격 20000준등기 1000⚠️한국에서 전화음성은 들을수없어요구매문의https://t.co/Ndy40hhIuS#세븐틴 #모시모시 #모시모 #모시모시카드 #양도 #하루콘 #일콘 #HARU ,0,0,8,Sep Fri 27 12:44:34 +0000 2019,
1040494902646210563,🌸일본 하루 HARU 콘서트 트레카 양도🌸⚠️셋트판매각 개인별 8장씩 들어있는 셋트로 판매합니다셋트가격 - 40000준등기 비용 - 1000셋트로 판매하는 것은 개별판매 안합니다💧구매문의https://t.co/Ndy40hhIuS #세븐틴 #트레카 #양도 #하루콘 #일콘 #HARU ,0,0,6,Nov Sat 23 12:32:56 +0000 2019,
1040494902646210563,🌸일본 하루 HARU 콘서트 트레카 양도🌸💎뒷면그림 셀카버전가격 5000준등기 1000구매문의https://t.co/Ndy40hhIuS#세븐틴 #트레카 #양도 #하루콘 #일콘 #HARU ,0,0,6,Oct Sun 27 12:23:58 +0000 2019,
1040494902646210563,🌸일본 하루 HARU 콘서트 트레카 양도🌸💎뒷면하루 셀카버전가격 5000준등기 1000구매문의https://t.co/Ndy40hhIuS#세븐틴 #트레카 #양도 #하루콘 #일콘 #HARU ,0,0,6,Sep Thu 26 12:21:04 +0000 2019,
1040494902646210563,🌸일본 하루 HARU 콘서트 트레카 양도🌸💎폴라버전가격 5000준등기 1000구매문의https://t.co/Ndy40hhIuS#세븐틴 #트레카 #양도 #하루콘 #일콘 #HARU ,0,0,6,Nov Mon 25 12:19:08 +0000 2019,
1046193664152616960,RT @BTSdailyinfo: [INSTAGRAM] 190522 #iHeartBTS tompoleman's Instagram update - #BTS ft. @halsey (1)(https://t.,704,0,2,Aug Sun 18 15:02:29 +0000 2019,
1046193664152616960,RT @BTSdailyinfo: [INSTAGRAM] 190522 #iHeartBTS tompoleman's Instagram update - #BTS ft. @halsey (3)(https://t.,583,0,2,Oct Mon 28 15:02:06 +0000 2019,
1048165267,와 괜히 유명한 여자bj가 아니더군요남자의 마음을 울립니다 ㅋㅋㅋ￥https://t.co/mNBh8f6qHo#ㅇㅏ프ㄹㅣㅋㅏbjㅅㅓ윤#엘프pj인ㅌㅓ넷방송#bj꿀단ㅈㅣ방송#ㅇㅏ프ㄹㅣㅋㅏtv방송ㅎㅏ는법#19무삭ㅈㅔ#ㅍㅐㅌㅣ쉬방송#bj별풍선 ,0,0,7,Sep Wed 25 16:57:46 +0000 2019,
1048165267,친구놈이 추천해줬는데 대박임ㅋㅋ미션이 무슨 와... 말이 필요없음◎https://t.co/mNBh8f6qHo#고양ㅇㅣ상슴살#bj포토#말방#일본ㅇㅑ한방송#섹ㅅㅡ방송ㅅㅏ고#bj방송ㅅㅏㅇㅣㅌㅡ#bj글ㄹㅐㅁㅓㄴㅗ출 ,0,0,7,Aug Thu 29 06:24:48 +0000 2019,
1048165267,자신감이 없었는데 여BJ가 잘놀아주세요한달에 한번 벗방할때마다 꼴릿합니다▩https://t.co/mNBh8f6qHo#방송ㅅㅏ고속옷#ㅌㅣㅂㅣ핫ㅌㅣㅂㅣ#bj일탈#ㅇㅏ프ㄹㅣㅋㅏㅇㅕ캠킬샷#ㅇㅑ한bj후장#bj쏘님위ㅇㅏㄹㅐ#도우ㅁㅣ보ㅈㅣㅅㅏ진 ,0,1,7,Aug Fri 23 03:43:54 +0000 2019,
1048165267,화끈한 여캠 방송 보는곳 알려줄게요!!가장 핫한 bj들만 모여있는곳 아래확인 !!◎https://t.co/mNBh8f6qHo#천ㅅㅏ#ㄷㅏㅇㅣㅇㅏtv#ㅇㅏㄴㅏ운ㅅㅓ방송ㅅㅏ고ㄹㅔ몬#얼짱방송#19금_방송ㅇㅣㄴㅣ까_ㅇㅓ린ㅇㅐ들은#실ㅅㅣ간벗방#성인방송ㅇㅖ쁜 ,0,0,7,Sep Sat 14 21:45:09 +0000 2019,
1048165267,세상에서 가장 야한 방송 어디서 보나요?궁금할땐 제가 알려줄게요! 아래 확인해봐요!!▨https://t.co/mNBh8f6qHo#ㄷㅏㅇㅣㅇㅓ트일ㄱㅣㅇㅓ플#ㄷㅏ음ㄱㅐ인방송보는법#ioi펭귄#ㅇㅑ한bjㄴㅗ출동영상#방송ㄴㅗ출ㅅㅏ고모음#외ㄱㅖ인춤#몬스ㅌㅓ게임bj쏘님 ,0,0,7,Aug Thu 22 15:09:53 +0000 2019,
1048165267,솔직히 비추천합니다 왜냐면 벗방을중독이 될 정도로 계속 보게됩니다⊙https://t.co/mNBh8fo25Y#bj꿀딴ㅈㅣ#ㅇㅏ프ㄹㅣㅋㅏbjㄷㅐ도ㅅㅓ관#ㅇㅕ성_bj#인ㅌㅓ넷방송보ㄱㅣ#ㅊㅐ연난감한ㅅㅏ진#완전포르ㄴㅗ성인방송ㅇㅕㅈㅏ#bjㅇㅏ프ㄹㅣㅋㅏㄴㅗ출bj ,0,0,7,Nov Tue 12 00:55:30 +0000 2019,
1048165267,화끈한 여캠 방송 볼수있는곳 궁금한가요?제가 알고있는곳 알려줄게요! 아래 확인해봐요!ㅱhttps://t.co/mNBh8fo25Y#연동ㅌㅣㅂㅣ#ㅇㅏ프ㄹㅣㅋㅏ방송bj순위#bj포토#ㅇㅑ한bj후장#성인방송구멍닷컴#bj쇼#bj방송ㅅㅏㅇㅣ트 ,0,0,7,Sep Fri 13 18:29:30 +0000 2019,
1048258500424392704,RT @drawing_rawing: 왼쪽 세화🍀 오른쪽 한비🐻 https://t.co/i8ITypPX9w ,1,0,0,Aug Sat 17 14:38:27 +0000 2019,
1048258500424392704,왼쪽 세화🍀 오른쪽 한비🐻 https://t.co/i8ITypPX9w ,1,0,0,Oct Fri 11 12:56:27 +0000 2019,
1051467881664270337,RT @EXOGlobal: [OFFICIAL] 190522 Pizza Hut China Weibo Update with #LAY (6/6)https://t.co/yd3j1PvxqY#EXO #엑소 @wear,225,0,3,Aug Tue 27 14:59:28 +0000 2019,
1051467881664270337,RT @EXOGlobal: [OFFICIAL] 190522 Pizza Hut China Weibo Update with #LAY (5/6)https://t.co/yd3j1PvxqY#EXO #엑소 @wear,256,0,3,Oct Fri 18 14:59:25 +0000 2019,
1062374486941421569,몰빵..감사합니다.. ,0,0,0,Aug Sat 31 00:50:29 +0000 2019,
1062374486941421569,이야뛰실분~! ,0,0,0,Oct Sun 06 15:02:57 +0000 2019,
1067055973003485185,https://t.co/3h,1,1,0,Sep Tue 03 16:13:22 +0000 2019,
1067055973003485185,질문해주새요 다 답변 해드려용 💗💗💦,0,0,0,Nov Tue 19 15:51:47 +0000 2019,
106885878,[아름다운 청춘] 설렘과 시련을 안고 이 시대를 살아가는 청춘들에게 받치는 소설 에세이.https://t.co/iRo9kjBnWn ,0,0,0,Aug Wed 21 15:12:14 +0000 2019,
106885878,[구더기 점프하다] 세상의 모든 아버지와 딸을 위한 아날로그 감성에세이.https://t.co/iRo9kjBnWn ,0,0,0,Sep Mon 23 14:42:12 +0000 2019,
106885878,[환영이 있는 거리] 『환영이 있는 거리』에 서 있는 그대들 그 거리에서 겁먹은 내면 그리고 서서히 퍼져나가는 용연의 향기를 발견할 수 있을 것이다.https://t.co/iRo9kjBnWn ,0,0,0,Sep Wed 11 14:12:15 +0000 2019,
106885878,[달라이 라마 111전: 히말라야의 꿈] 평화와 자비의 상징 살아있는 부처로 불리는 딜라이 라마. 사진과 글을 통해 그를 만나다!https://t.co/iRo9kjBnWn ,0,0,0,Nov Sun 24 13:42:12 +0000 2019,
106885878,[넉넉한 곁] 김창균의 엽서 한장 그 속에서 날것 그대로의 감성 사유를 만나다.https://t.co/iRo9kjBnWn ,0,0,0,Aug Wed 28 13:12:16 +0000 2019,
106885878,[사랑의 시 여행에서 만나다] 시문학 현장 답사의 마지막 여행기!https://t.co/iRo9kjBnWn ,0,0,0,Aug Sun 25 12:42:12 +0000 2019,
106885878,[암컷 그리고 수컷] 오페라 카르멘과 함께하는 성 이야기. https://t.co/iRo9kjBnWn ,0,0,0,Aug Mon 19 12:12:14 +0000 2019,
106885878,[환단고기를 찾아서 2 일본왕실의 만행과 음모] 이미 영토문제는 소리 없는 총성과 함께 전쟁으로 이어지고 있다. 우리가 갈 길은 과연 어느 길인가?https://t.co/iRo9kjBnWn ,0,0,0,Oct Wed 30 11:12:15 +0000 2019,
106885878,[담화분석방법: 사회 조사연구를 위한 텍스트 분석] 비판적 담화분석에 창조적인 사고를 부여하고 사회과학 속 담화 분석의 중요성을 강조하였다.https://t.co/iRo9kjBnWn ,0,0,0,Oct Tue 08 10:42:12 +0000 2019,
106885878,[주시경 문법의 형성론] 주시경 국어문법 형성과정에 대한 총체적 분석.https://t.co/iRo9kjBnWn ,0,0,0,Oct Thu 10 10:12:14 +0000 2019,
106885878,[좋은 교사되기: 어떻게 유능한 교사가 될 것인가] 평범한 교사에서 좋은 교사가 되기 위한 실질적이고 다양한 방법을 제시한 교육 지침서!https://t.co/iRo9kjBnWn ,0,0,0,Oct Fri 04 09:42:12 +0000 2019,
106885878,[조선통신사의 길에서 오늘을 묻다] 국내에 남아 있는 조선통신사의 유적과 유산에 대한 최초의 답사기!https://t.co/iRo9kjBnWn ,0,0,0,Sep Sun 29 09:12:15 +0000 2019,
10697742,지도와 함께 수요미식회의 맛집을 한눈에 볼 수 있는 수요미식가 팬사이트입니다. 수요미식회짱. http,0,0,0,Oct Sat 19 19:22:03 +0000 2019,
10697742,지도와 함께 수요미식회의 맛집을 한눈에 볼 수 있는 수요미식가 팬사이트입니다. 수요미식회짱. http,0,0,0,Sep Mon 23 19:20:04 +0000 2019,
10697742,강남 반포 도시 백색소음 :: Gangnam Seoul City White Noise 20190516  http,0,0,0,Sep Mon 09 19:12:04 +0000 2019,
10697742,강남 반포 도시 백색소음 :: Gangnam Seoul City White Noise 20190516  http,0,0,0,Aug Thu 29 19:08:03 +0000 2019,
10697742,강남 반포 도시 백색소음 :: Gangnam Seoul City White Noise 20190516  http,0,0,0,Sep Mon 02 19:06:03 +0000 2019,
1078668883949629440,■ #Quark-chain ■좋은 프로젝트입니다. 마찬가지로 홍보하고 보상 받아요!https://t.co/a00brpOhNJ#QuarkChain #QKC #Blockchain #BTC #ETH #blockch,0,0,8,Oct Wed 23 11:28:41 +0000 2019,
1078668883949629440,■ #Qpoket wallet ■https://t.co/a00brpOhNJ@qPocket_wallet #cryptowallet #eth #erc20,0,0,7,Sep Tue 10 11:28:34 +0000 2019,
1081570602777960448,RT @theguestBD: 💿손더게스트 블레 마지막 선입금중💿우수회원 공지 게시판에서 알판&amp;디지팩 디자인 투표를 시작합니다. 일주일동안 진행되니 많이 참여해주세요!https://t.co/FQVMO,26,0,4,Oct Mon 28 05:21:44 +0000 2019,
1081570602777960448,RT @theguestBD: 우수회원 공지게시판에 최종적으로 결정된 블루레이 아웃박스 디자인이 공개됐습니다. 확인해주세요😊https://t.co/FQVMOnFtts#윤화평 #화평 #최윤 #강길영 #길영 ,18,0,8,Oct Sat 05 12:51:05 +0000 2019,
1093147556253556740,십분남음 #김재욱 ,0,0,1,Sep Thu 05 11:20:13 +0000 2019,
1093147556253556740,8시30분 마감 #김재욱 ,1,0,1,Oct Thu 24 10:32:38 +0000 2019,
1093147556253556740,딱 두세트에서 네세트만 더 받을께요 알티부탁드려요 #김재욱 ,1,1,1,Oct Fri 18 08:49:40 +0000 2019,
1093147556253556740,재고판매도 없을예정이니 서둘러주세요 내일 마감! 알티부탁드립니다 #김재욱 ,0,0,1,Oct Wed 23 15:21:47 +0000 2019,
1096108972430389248,RT @5717_MH: 요청 #황민현 #민현cr https://t.co/4jyHN2iZS9 🔗https://t.co/OkaRGGNo4s ,602,0,2,Nov Sun 03 00:38:38 +0000 2019,
1096108972430389248,RT @5717_MH: 요청 #황민현 #민현cr https://t.co/4jyHN2iZS9🔗https://t.co/uLh4KxoC8Z ,461,0,2,Oct Sat 19 00:38:19 +0000 2019,
1097470998524264448,RT @BTS_National: 190507 [V LIVE] [HD포토] '오늘도 남준앓이'...(https://t.co/HOu3rnFAeF) @BTS_twt #BTS #방탄소년단 ,665,0,2,Oct Sun 20 13:24:11 +0000 2019,
1097470998524264448,RT @BTS_National: 190507 [V LIVE] [HD포토] '오늘도 남준앓이'...(https://t.co/HOu3rnFAeF) @BTS_twt #BTS #방탄소년단 #PremiosMTVMIA,557,0,4,Oct Thu 24 13:23:42 +0000 2019,
1097470998524264448,RT @BTS_National: 190507 [V LIVE] [HD포토] '美친 얼굴천재' @BTS_twt #BTS #방탄소년단 #PremiosMTVMIAW #MTVLAFANDOMBTSARMY(https:/,1326,0,4,Oct Fri 18 13:22:44 +0000 2019,
1097470998524264448,RT @BTS_National: 190507 [V LIVE] [HD포토] '美친 얼굴천재'ㅣ...  @BTS_twt #BTS #방탄소년단 #PremiosMTVMIAW #MTVLAFANDOMBTSARMY(ht,932,0,4,Nov Wed 20 13:21:38 +0000 2019,
1098576638,RT @gingerol95: tompoleman 인스타(3)https://t.co/rDt6Z3lRUg#방탄소년단 #BTS @BTS_twt #iHeartBTS ,3404,0,3,Nov Wed 06 17:18:41 +0000 2019,
1098576638,RT @gingerol95: tompoleman 인스타(2)https://t.co/rDt6Z3lRUg#방탄소년단 #BTS @BTS_twt #iHeartBTS ,2636,0,3,Aug Sat 31 17:18:02 +0000 2019,
1100711713886752769,RT @HANOYIBI_09: [RT+팔로♥한분 증정★] 🌸리본 원피스🌸 ☄️가격: 18000 원+3000원(배송비)☄️상세 주문 https://t.co/Dywe6eAVwj     ☄️주문확인h,543,0,0,Sep Sun 15 21:43:35 +0000 2019,
1100711713886752769,RT @HANOYIBI_09: [RT+팔로♥한분 증정★] 🌸후드 집업 점프슈트🌸 ☄️가격: 21000 원+3000원(배송비)☄️상세 주문 https://t.co/MPRYNTcEef☄️주문확인h,694,0,0,Sep Tue 10 21:42:46 +0000 2019,
1100774766753984512,Ikon HANBIN VLIVE Eng Sub ❤️#iKONIC#ikon #HanbinOnLawofTheJungle🎥 ,0,0,3,Oct Tue 08 06:09:38 +0000 2019,
1100774766753984512,IKON B.I  VLIVE with Eng Sub ❤️,0,0,0,Sep Thu 26 06:06:44 +0000 2019,
1100774766753984512,RT @Nympha86902447: https://t.co/pvjIt9mLro ,1,0,0,Aug Fri 23 18:47:19 +0000 2019,
1100774766753984512,RT @Nympha86902447: Boy with Luv 💜#BTS #BoyWithLuv #BoyWithLuvOutNow100 photos of V&gt;&gt;https://t.co/pvjIt9mLro ,1,0,3,Nov Fri 01 18:47:05 +0000 2019,
1101054988288122880,RT @dytpqdlxn: 내가 그동안 몰랐던 말씀의 앤드게임이 시작된다.나를 구해줄 슈퍼 히어로🥳🥳인터넷시온선교센터로 GoGo!! 🏎️🏎️[HMBC] 3회 - 성경상식 1과  ▶ https://t,476,0,0,Nov Sat 09 02:10:23 +0000 2019,
1101054988288122880,RT @dytpqdlxn: 무릎을 탁치고 보게 되는👀속 시원한 사이다 성경 풀이📝망설이지 말고 지금 바로 클릭 ✍️[HMBC] 3회 - 성경상식 1과  ▶ https://t.co/W3PiHxwfmv,520,0,1,Oct Fri 18 02:10:15 +0000 2019,
1101054988288122880,RT @dytpqdlxn: 무릎을 탁치고 보게 되는👀속 시원한 사이다 성경 풀이📝망설이지 말고 지금 바로 클릭 ✍️[HMBC] 3회 - 성경상식 1과  ▶ https://t.co/W3PiHxwfmv,533,0,1,Aug Sun 18 02:10:03 +0000 2019,
1101054988288122880,RT @kimde80471299: ,1,0,0,Sep Fri 06 17:51:58 +0000 2019,
1101054988288122880,,1,1,0,Nov Fri 08 03:58:15 +0000 2019,
1101054988288122880,#신천지와한기총_누가이단인가#신천지 #성경공부 #신천지시온기독교선교센터#신천지가진리 #인터넷시온선교센터이 시대는 계시록을 배워할 시기하나님의 말씀을 알고 배우고 싶다면 신천지🙏이제는 인터넷으로 배우자!!https://t.co/8,2,1,6,Oct Sun 27 14:51:25 +0000 2019,
1101054988288122880,#신천지와한기총_누가이단인가#신천지 #성경공부 #신천지시온기독교선교센터#신천지가진리 #인터넷시온선교센터대한민국 종교가 부패한 오늘날하나님의 말씀을 알고 배우고 싶다면 신천지🙏이제는 인터넷으로 배우자!!https://t.co/8,4,3,6,Nov Sat 02 18:04:04 +0000 2019,
1101453893471416320,【プレゼント】N.Flying直筆サイン入りポラを2名様に！応募はTwitterをフォロー＆ツイート - 韓国芸能ニュースはKstyle  https://t.co/Nf,0,0,0,Nov Sat 16 14:14:19 +0000 2019,
1101453893471416320,【プレゼント】N.Flying直筆サイン入りポラを2名様に！応募はTwitterをフォロー＆ツイート - 韓国芸能ニュースはKstyle  https://t.co/Nf,0,1,0,Sep Fri 27 14:13:10 +0000 2019,
1102202481113812992,RT @ShawnMendes: Tonight at midnight ET x #IfICantHaveYou https://t.co/evCfdTgDef ,17718,0,1,Nov Sun 03 19:52:42 +0000 2019,
1102202481113812992,RT @ShawnMendes: #IfICantHaveYou May 3rd https://t.co/evCfdTgDef ,44979,0,1,Nov Sun 03 07:29:50 +0000 2019,
1106828567638216704,RT @EXOXOXOID: [WEIBO] 190521 LAY (@layzhang) Weibo Update (3)https://t.co/s3XWOb6BPphttps://t.co/pXABIf74hjDow,360,0,0,Nov Tue 12 03:20:41 +0000 2019,
1106828567638216704,RT @EXOXOXOID: [WEIBO] 190521 LAY (@layzhang) Weibo Update (2)https://t.co/s3XWOb6BPphttps://t.co/pXABIf74hjDow,392,0,0,Oct Wed 09 03:20:38 +0000 2019,
1106828567638216704,RT @EXOXOXOID: [WEIBO] 190521 LAY (@layzhang) Weibo Update (1)https://t.co/s3XWOb6BPphttps://t.co/pXABIf74hjDow,958,0,0,Oct Thu 10 03:20:34 +0000 2019,
1106828567638216704,RT @EXOXOXOID: [WEIBO] 190521 LAY (@layzhang) Weibo Update (3)https://t.co/s3XWOb6BPphttps://t.co/pXABIf74hjDow,360,0,0,Aug Thu 15 03:20:41 +0000 2019,
1106828567638216704,RT @EXOXOXOID: [WEIBO] 190521 LAY (@layzhang) Weibo Update (2)https://t.co/s3XWOb6BPphttps://t.co/pXABIf74hjDow,392,0,0,Aug Tue 20 03:20:38 +0000 2019,
1106828567638216704,RT @EXOXOXOID: [WEIBO] 190521 LAY (@layzhang) Weibo Update (1)https://t.co/s3XWOb6BPphttps://t.co/pXABIf74hjDow,958,0,0,Sep Tue 10 03:20:34 +0000 2019,
1107786294011150336,🌈무지개솜뭉치쉼터에 오세요🌈 https://t.co/jteFSJeAUl인형을 좋아하는 누구나 환영합니다!🌟⭐️⭐️ ,0,0,0,Nov Mon 18 11:33:59 +0000 2019,
1107786294011150336,RT @SOM_NAL: 무지개솜뭉치쉼터 입니다💖마망들의 인형놀이 방💖 많이들 놀러 오세요 자유로운 톡방💖,1,0,0,Oct Mon 28 11:27:21 +0000 2019,
1109763226529497090,달 ( ˘･з･˘)의 질문함입니다Welcome To My Dream World,0,1,0,Oct Fri 25 10:11:52 +0000 2019,
1109763226529497090,달 ( ˘･з･˘)의 질문함입니다Welcome To My Dream World,0,0,0,Sep Mon 09 11:08:08 +0000 2019,
1109763226529497090,주기적 끌올 ,0,0,0,Sep Sat 28 06:26:27 +0000 2019,
1109763226529497090,오십시오 ,0,1,0,Oct Tue 08 22:54:05 +0000 2019,
1109763226529497090,오새오 ,0,0,0,Aug Wed 28 16:25:40 +0000 2019,
1110033622449287168,📷 รูปจากบทสัมภาษณ์ในเว็บ https://t.co/1iIAYIsfs8 ทั้ง 2 สัมภาษณ์ค่ะ (3/3)คำแปลบทสัมภาษณ์ทั้งหมด จะลงภายในสัปดาห์นี้ค่ะ ตอนนี้ไม่กล้ารับปากว่าจะลงได้วันไหนแน่นอน แต่จะเร่งมือที่สุดนะคะ ดูรูปรอไปก่อนเนอะ 🥰#엔플라잉 #NFlying #NFlyingTH ,6,4,3,Oct Fri 25 08:09:38 +0000 2019,
1110033622449287168,📷 รูปจากบทสัมภาษณ์ในเว็บ https://t.co/1iIAYIsfs8 ทั้ง 2 สัมภาษณ์ค่ะ (2/3)คำแปลบทสัมภาษณ์ทั้งหมด จะลงภายในสัปดาห์นี้ค่ะ ตอนนี้ไม่กล้ารับปากว่าจะลงได้วันไหนแน่นอน แต่จะเร่งมือที่สุดนะคะ ดูรูปรอไปก่อนเนอะ 🥰#엔플라잉 #NFlying #NFlyingTH ,11,7,3,Nov Tue 05 08:09:13 +0000 2019,
1110772014891958273,재올 ,0,0,0,Nov Fri 22 13:38:52 +0000 2019,
1110772014891958273,가끔씩 이렇게 재올하러 찾아올게요. 모든분들을 다시 뵈고 싶은 저의 욕심이에요. ,0,0,0,Sep Tue 17 23:14:55 +0000 2019,
1113748015032848384,RT @kimjuncottonins: 190523 kimjuncotton ins #tag@ yonghun_ 코튼스타그램 좋아요❤️팔로우👤댓글👇👇🔗https://t.co/D4euvbz081#SUHO,23,0,5,Nov Fri 01 22:51:52 +0000 2019,
1113748015032848384,RT @kimjuncottonins: 190523 kimjuncotton ins #tag@ h_don_lee0522 축하 받고 축하해ㅡ코튼스타그램 좋아요❤️팔로우👤댓글👇👇🔗https://t.co,21,0,3,Sep Wed 04 22:51:37 +0000 2019,
1118597607599878144,RT @Kstyle_news: 【PICK UP！】本日 #NFlying インタビューVol.2＆フォトを掲載！Vol.2では…チャート逆走＆1位獲得の心境や今後の活動について語ってくれました▼https://t.co/,24,0,1,Sep Tue 24 14:54:30 +0000 2019,
1118597607599878144,RT @Kstyle_news: 【インタビュー】Vol.2 ― N.Flying「Rooftop」でチャート逆走＆1位獲得も“これからがスタート…僕達らしい音楽を見つけられると信じています” https://t.co/SzZA,80,0,1,Oct Sat 26 10:33:11 +0000 2019,
1119029075266269184,HOT영상&amp;휴ㅈㅣ필수&amp;수위ㅈㅣ존▶▩#bj핑핑 #ㅂㅣ윈ㅂㅐ #ㅇㅏ프ㄹㅣㅋㅏbjㅅㅓ윤https://t.co/2LI9SyJATs무료~공ㅉㅏ~§#슴살방송#일반인들똥꼬성인방송섹스코ㄹㅣㅇㅏ ,0,0,5,Aug Wed 14 20:00:47 +0000 2019,
1119029075266269184,#bj고말숙 #bj쏘님위ㅇㅏㄹㅐ #ㅇㅑ한pj인ㅌㅓ넷방송↙＊ㄴㅓ무좋은곳◀◇https://t.co/2LI9SyJATs위에클릭№▥핸드폰으로~~▤♣#성인ㅇㅕ캠 #bj료코 ,0,0,5,Oct Sun 27 01:38:50 +0000 2019,
1119412621961121793,#영천썰툰 #섹ㅅㅡ앤ㄷㅓㅅㅣㅌㅣ #ㅇㅐ인과_함ㄲㅔ_ㅌㅣㅂㅣ를_보ㄷㅏ_ㅇㅑ한_장면ㅇㅣ_ㄴㅏ왔을ㄸㅐ〓℡질질ㅆr는 유출 ㅇF동↙↘https://t.co/tVO4hPXj1f위에클릭＃◆간편ㅎㅏㄱㅔ ㄱㅏ입만!〓↖#몽ㅋㅣ닷컴주소 #ㅇㅕㅈㅏ의ㅈㅏ위 ,0,0,5,Aug Fri 23 03:44:35 +0000 2019,
1119412621961121793,최고의 성인놀ㅇㅣㅌㅓ♠♭ ㅂㅏ로 클릭클릭 ↓¶https://t.co/tVO4hPXj1f#인ㅌㅓ넷방송음란방송#ㅇㅕㄷㅐ생bj#30ㄷㅐㅁㅣㅅㅣ쇼핑몰순위#노ㅇㅖㅈㅣ갑#ㅋㅣ스방 ,0,0,5,Nov Mon 18 04:06:31 +0000 2019,
1119412621961121793,ㅇㅣ런곳 또 없ㄷㅏ☎□#무인증ㅍㅏ일ㄷㅏ운ㅅㅏㅇㅣ트 #ㅅㅐ조위 #40ㄷㅐ만남ㅇㅓ플3⃣https://t.co/gqA0buor3I각종ㄴㅏㄹㅏ ㅇF동○#1호선고장#모롤 ,0,0,5,Sep Wed 25 23:11:46 +0000 2019,
1119412621961121793,https://t.co/gqA0buor3I◑ 최고수위 ㅇF동보는곳 ■〓 간편ㅎㅏㄱㅔ~ ＠#40ㄷㅐㅁㅣㅅㅣ누드 #ㅈㅣ갑노ㅇㅖ#4050중년ㄴㅏㄹㅏ #장ㅈㅣ헌팅#ㅂㅔ스트초ㅇㅣ스민호 ,0,0,5,Nov Sat 23 22:29:18 +0000 2019,
1119412621961121793,㏂☞△최고의 성인놀ㅇㅣㅌㅓ○º‡#30ㄷㅐㅁㅣㅅㅣ팬ㅌㅣ #일본ㅇㅑ오ㅇㅣ #멋진ㅁㅣㅅㅣ족▲ https://t.co/eq0ykKeVCP ☆♪ㅇF동▽#ㅈㅗ건ㄱㅖ #성인들의놀ㅇㅣㅌㅓ핫ㅁㅣ스김 ,0,0,5,Aug Sun 18 13:47:14 +0000 2019,
1119412621961121793,←☜♧유출 ㅇF동 보는곳▷←＃#밤ㅅㅓㅊㅣ공식주소 #음두 #ㄹㅔ딧→ https://t.co/eq0ykKeVCP ↖㈜무료~공ㅉㅏ~♧#정ㅎㅐ인팬ㅁㅣ팅_in_ㅅㅓ울 #ㅈㅗ건만남후불 ,0,0,5,Oct Wed 09 04:59:43 +0000 2019,
1119412621961121793,#확인ㅎㅏㅇㅕ#몽ㅋㅣ닷컴주소ªㅇㅣㅈㅔ ㅇF동도 골ㄹㅏ보ㅅㅔ요◁▩#ㅌㅗ렌트갓♧ https://t.co/U6id5zlpR4 ▼◀ㅅㅓ양~~▒#ㄱㅏ을색 #ㄹㅔ드19 ,0,0,5,Sep Sat 14 08:53:44 +0000 2019,
1119412621961121793,▦▧↕ㅁㅣ성년ㅈㅏ는 오ㅈㅣㅁㅏㅅㅔ요◁△◑#실ㅅㅣ간방송프로그램 #40ㄷㅐ얼짱 #열띤호응ㅇㅣ있ㄷㅏ면화보ㅅㅏ진의촬영순ㅅㅓ를공ㄱㅐ할ㄱㅔ요＠ https://t.co/U6id5zlpR4 ＆☜한국~~＊#ㄹㅓ브투ㄴㅏ잇ㅇㅓ플 #폰팅번호060 ,0,0,5,Aug Tue 13 09:43:56 +0000 2019,
1119412621961121793,최고수위 ㅇF동보는곳㏘☞ 간편ㅎㅏㄱㅔ ㄱㅏ입만! ♭←https://t.co/CJkiXhOanh#sbsㅇㅑ왕#골뱅ㅇㅣ_뜨는_ㄷㅏ섯ㅅㅏ람ㅇㅔ_ㄷㅐ한_인상#실ㅅㅣ간스트ㄹㅣ밍#ㅇㅕㄷㅐ생bj#ㅇㄱㄷㅈㅅ ,0,0,5,Nov Tue 19 15:16:35 +0000 2019,
1119412621961121793,https://t.co/CJkiXhOanh#성인ㅇㅣㅁㅣㅈㅣ#ㅇㅏㄴㅏ운ㅅㅓㅂㅣㄷㅣ오#현ㅈㅏㅌㅏ임주소수위ㅈㅣ존 ㅇF동 모음집◎ 화끈ㅎㅐ ♭♥☆㏇#우ㄹㅣ#쩍벌ㅇㅏㄴㅣ죠 ,0,0,5,Oct Sat 05 10:48:17 +0000 2019,
1119412621961121793,#실ㅅㅣ간스트ㄹㅣ밍 #누ㄱㅏ혁신을주도ㅎㅏ는ㄱㅏ #김연ㅇㅏ섹ㅅㅣ화보♬□ㅇF동 ㅅㅏㅇㅣ트♬♨https://t.co/smDwRG3RLa위에클릭♬☞ㅇF동™▽#ㄹㅏㅇㅣ브성인tv #일본ㅇㅕㅈㅏbjㅇㅕ성bj방송ㅅㅏ고 ,0,0,5,Oct Sat 12 16:45:09 +0000 2019,
1119412621961121793,ㄴㅓ만 모르는 ㅇF동 ㅅㅏㅇㅣ트◐☏#코ㅎㅏ쿠 #ㅆㅏㅈㅣ넷ℹ #30ㄷㅐㅋㅓ뮤ㄴㅣㅌㅣㅅㅏㅇㅣ트추천https://t.co/smDwRG3RLa모두ㄷㅏ 공ㅉㅏ◀#19금생각_또는19금상상ㄱㅏ#rt한_트친을_ㅇㅕ고딩화 ,0,0,5,Oct Tue 22 23:05:27 +0000 2019,
1121661690645377024,아니... 나 데려가고 싶은 분들이 있는데... 여기에 멘션없어서 못 데려가고 있어..그래서 이 계정도 못 터뜨리고 있고..ㅠㅠ ,0,0,0,Nov Fri 08 03:33:14 +0000 2019,
1121661690645377024,이제 진짜 오실 분 없죠? ,0,0,0,Sep Fri 20 03:30:29 +0000 2019,
1121661690645377024,더 없지 ,0,0,0,Oct Tue 15 12:26:51 +0000 2019,
1121661690645377024,이제 읎나? ,0,0,0,Sep Tue 03 07:11:03 +0000 2019,
1122672346639130624,조금만 더 힘을 보태볼까요 !!20분 남기고 뒤집혔어요  😢https://t.co/CX3td8oCvg지하철광고를 진,2,0,0,Sep Fri 20 08:37:18 +0000 2019,
1122672346639130624,지금 아론오빠 2위에요. 오늘 아챔 이벤트로 한 문제에 300개 하트 줘요. 오늘 6시에 마감입니다. 부탁드려요. https://t.co/CX3td8oCvg지하철광고를 진,0,0,0,Nov Mon 18 05:52:15 +0000 2019,
114667774,황교안 '불법 남용한 '패스트트랙' 내려놓으면 국회 복귀' | 다음뉴스 https://t.co/EY0s17ukXe 불법 저지른넘,0,0,0,Sep Wed 25 11:38:13 +0000 2019,
114667774,황교안 '불법 남용한 '패스트트랙' 내려놓으면 국회 복귀' | 다음뉴스 https://t.co/EY0s17ukXe 선진화법을 ,0,0,0,Sep Wed 11 11:29:24 +0000 2019,
114667774,조지 W. 부시 前대통령 방한..내일 '노무현 10주기' 추도식 참석(종합) | 다음뉴스 ,0,0,0,Oct Sat 26 11:37:12 +0000 2019,
114667774,조지 W. 부시 前대통령 방한..내일 '노무현 10주기' 추도식 참석(종합) | 다음뉴스 https://t.co/wXQGQGXK58  야당 모 대표는,1,1,0,Oct Fri 11 11:36:30 +0000 2019,
114667774,RT @kor119: 들어오라 안하니까 부지런히 길거리서 정치하시라 ,2,0,0,Sep Thu 12 10:16:43 +0000 2019,
114667774,들어오라 안하니까 부지런히 길거리서 정치하시라 ,2,2,0,Oct Sun 06 10:16:22 +0000 2019,
114794214,[강추기업]돈 때문에 꿈을 포기하셨나요?꿈을 3년만 미루고 돈을 버세요.돈이 생기면 당신의 꿈이 더욱 가까워집니다.https:/,0,0,1,Aug Tue 27 22:09:08 +0000 2019,
114794214,[강추직업]연금성 소득을 평생 그리고 자식과 손주에게 상속이 된다노력에 따라 월소득 200 ~ 5000만원이 가능 하다.도전하시겠습니까? https:/,0,0,1,Oct Sun 06 21:09:09 +0000 2019,
114794214,[강추사업]사업을 하려면 자본이 필요합니다.때문에 실패를 하면 회복하기가 어렵습니다.무자본으로 할 수 있는 사업이 있습니다.도전하세요.https:/,0,0,1,Aug Sun 25 16:39:06 +0000 2019,
114794214,[강추제품]스칼프케어샴프https://t.co/tvkR989aQO머리를 감는데 ,0,0,1,Nov Thu 14 18:09:09 +0000 2019,
114794214,[강추제품]스칼프케어샴프https://t.co/tvkR989aQO머리를 감는데 ,0,0,1,Sep Sun 29 05:39:06 +0000 2019,
1371409568,RT @slah2002: #김경수 지사님 오랜만의 페이스북글https://t.co/H5NWqq7N6Y&lt;여러분과 늘 함께 하겠습니다.&gt;ㅡ2019년 5월 22일 김경수 올림ㅡ ,92,0,1,Oct Tue 15 13:02:58 +0000 2019,
1371409568,#김경수 지사님 오랜만의 페이스북글https://t.co/H5NWqq7N6Y&lt;여러분과 늘 함께 하겠습니다.&gt;ㅡ2019년 5월 22일 김경수 올림ㅡ ,92,74,1,Sep Mon 30 03:02:14 +0000 2019,
1371409568,#창녕 #우포늪 #따오기 40년만에 40마리경상남도 유튜브https://t.co/TYqUJRhscS ,23,21,3,Oct Sat 26 10:09:23 +0000 2019,
1371409568,#따오기 날아가요~~~#김경수 지사님 웃으시니 좋네요!경상남도 유튜브https://t.co/TYqUJRhscS ,29,33,2,Sep Fri 06 08:18:19 +0000 2019,
138039931,우리사회의 양심을 묻다 https://t.co/5ox3ooZscc    #사이비2 #휴헌섭필 #글쓰기 #양심 #푸념 #마라톤 #박지원 #간호윤 #경,0,0,14,Sep Mon 30 11:50:46 +0000 2019,
138039931,이 글을 세상에 대한 푸념입니다. 지금 세상을 살아가는 것이 행복한 분은 이 책을 읽지 마세요 https://t.co/5ox3ooZscc    #사이비2 #글쓰기 #양심 #마라톤 #박지원 #,0,0,10,Sep Sun 15 11:05:39 +0000 2019,
138039931,어딘가 빛이 있을 테니까요 ,1,1,0,Sep Mon 09 11:30:48 +0000 2019,
138039931,가톨릭 영성의 중요한 한 축 희망의 성사를 노래하다 ,0,0,0,Aug Fri 16 11:20:51 +0000 2019,
1390782480,제록스 C2263 칼카복합기 최저가 ,0,0,0,Sep Tue 03 19:12:04 +0000 2019,
1390782480,복합기 임대 및 렌탈 기업 추천합니다. 베스트오에이네이버에서 베스트오에이를 쳐보세요. ,0,0,0,Sep Wed 18 14:12:08 +0000 2019,
1390782480,사무용 사무기기 렌탈은 https://t.co/DnpMTpRsx,0,0,0,Aug Wed 21 13:12:12 +0000 2019,
1390782480,삼성  SCX-6545  특A급 중고복합기 50만원에 판매 ,0,0,0,Sep Fri 20 09:12:12 +0000 2019,
1390782480,삼성 제록스 미놀타 복합기는 https://t.c,0,0,0,Nov Thu 28 06:12:06 +0000 2019,
1390782480,DocuCentre-IV C2263 제록스 칼라복합기 구입시 베스트오에이에서 최저가로 구입하세요,0,0,0,Oct Tue 29 03:12:10 +0000 2019,
1390782480,학교에서 복합기 및 복사기 렌탈하실려면 베스트오에이에서 저렴한 가격으로 알아보세요 ,0,0,0,Nov Thu 28 01:12:12 +0000 2019,
1390782480,제록스 칼라복합기 중고 렌탈 및 임대로 최저가 3년에 13만원~~,0,0,0,Nov Sat 16 00:12:06 +0000 2019,
1390782480,삼성  SCX-6545  특A급 중고복합기 50만원에 판매 ,0,0,0,Sep Tue 10 20:12:03 +0000 2019,
1390782480,제록스 C2263 칼카복합기 최저가 ,0,0,0,Nov Sat 02 18:12:03 +0000 2019,
1390782480,칼라복합기 렌탈에 대해서 궁금하신점 https://t.co/Dn,0,0,0,Nov Tue 05 17:12:05 +0000 2019,
1390782480,복합기 임대 및 렌탈 기업 추천합니다. 베스트오에이네이버에서 베스트오에이를 쳐보세요. ,0,0,0,Nov Fri 22 16:12:02 +0000 2019,
1390782480,삼성 제록스 미놀타 복합기는 https://t.c,0,0,0,Oct Wed 16 12:12:06 +0000 2019,
1390782480,손건조기 자바핸드드라이어를 구입히 사은품 증정,0,0,0,Oct Tue 01 18:12:02 +0000 2019,
1390782480,자동소변기 구매할려면 https:,0,0,0,Sep Sun 15 08:12:07 +0000 2019,
1390782480,핸드드라이어구입시 급속핸드폰 충전기를 사은품으로 드립니다.https://t,0,0,0,Sep Mon 23 07:12:10 +0000 2019,
1390782480,자동소변기 구매할려면 https:,0,0,0,Oct Fri 04 14:12:06 +0000 2019,
1390782480,핸드드라이어구입시 급속핸드폰 충전기를 사은품으로 드립니다.https://t,0,0,0,Sep Fri 13 13:12:14 +0000 2019,
1406360264,RT @baekhyuntown: [100만'ㅅ'!]백현이의 브이로그 (운동/쉬익쉬익/분홍슬리퍼/파닥몬/사월이/다이어트식품먹방/배고프당) https://t.co/DBZXwm2jda - @YouTube#백현 #,206,0,4,Sep Sun 22 14:47:22 +0000 2019,
1406360264,RT @baekhyuntown: [100만'ㅅ'!]백현이의 브이로그 (운동/쉬익쉬익/분홍슬리퍼/파닥몬/사월이/다이어트식품먹방/배고프당) https://t.co/DBZXwm2jda백현이의 두번째 브이로그 조,823,0,0,Nov Thu 07 03:42:34 +0000 2019,
1417600783,[오오렐레] 골 세레머니    오오렐레 오오렐레     오오렐레 오오렐레     오오렐레 오오렐레     알레 전북 알레 전북(h,0,0,0,Oct Wed 30 15:12:16 +0000 2019,
1417600783,[오오렐레] 골 세레머니    오오렐레 오오렐레     오오렐레 오오렐레     오오렐레 오오렐레     알레 전북 알레 전북(h,0,0,0,Sep Sat 21 02:12:22 +0000 2019,
1417600783,[오오렐레] 골 세레머니    오오렐레 오오렐레     오오렐레 오오렐레     오오렐레 오오렐레     알레 전북 알레 전북(h,0,0,0,Nov Sun 17 14:12:19 +0000 2019,
1417600783,[오오렐레] 골 세레머니    오오렐레 오오렐레     오오렐레 오오렐레     오오렐레 오오렐레     알레 전북 알레 전북(h,0,0,0,Sep Thu 12 01:12:31 +0000 2019,
1417600783,[오오렐레] 골 세레머니    오오렐레 오오렐레     오오렐레 오오렐레     오오렐레 오오렐레     알레 전북 알레 전북(h,0,0,0,Sep Tue 17 06:42:16 +0000 2019,
1417600783,[오오렐레] 골 세레머니    오오렐레 오오렐레     오오렐레 오오렐레     오오렐레 오오렐레     알레 전북 알레 전북(h,0,0,0,Oct Thu 24 17:42:18 +0000 2019,
1417600783,[오오렐레] 골 세레머니    오오렐레 오오렐레     오오렐레 오오렐레     오오렐레 오오렐레     알레 전북 알레 전북(h,0,0,0,Nov Mon 11 04:42:14 +0000 2019,
1417600783,[오오렐레] 골 세레머니    오오렐레 오오렐레     오오렐레 오오렐레     오오렐레 오오렐레     알레 전북 알레 전북(h,0,0,0,Oct Wed 30 15:42:19 +0000 2019,
1417600783,[아시아챔피언 전북FC]    알레알레 우리의 자랑  아시아 챔피언 전북FC~   (h,0,0,0,Nov Sat 09 14:42:14 +0000 2019,
1417600783,[아시아챔피언 전북FC]    알레알레 우리의 자랑  아시아 챔피언 전북FC~   (h,0,0,0,Sep Mon 09 02:42:13 +0000 2019,
1417600783,[아시아챔피언 전북FC]    알레알레 우리의 자랑  아시아 챔피언 전북FC~   (h,0,0,0,Sep Sat 14 13:42:14 +0000 2019,
1417600783,[아시아챔피언 전북FC]    알레알레 우리의 자랑  아시아 챔피언 전북FC~   (h,0,0,0,Aug Fri 16 01:42:13 +0000 2019,
1417600783,[아시아챔피언 전북FC]    알레알레 우리의 자랑  아시아 챔피언 전북FC~   (h,0,0,0,Sep Wed 18 07:12:18 +0000 2019,
1417600783,[아시아챔피언 전북FC]    알레알레 우리의 자랑  아시아 챔피언 전북FC~   (h,0,0,0,Nov Fri 08 19:12:11 +0000 2019,
1417600783,[아시아챔피언 전북FC]    알레알레 우리의 자랑  아시아 챔피언 전북FC~   (h,0,0,0,Nov Fri 22 06:12:17 +0000 2019,
1417600783,[아시아챔피언 전북FC]    알레알레 우리의 자랑  아시아 챔피언 전북FC~   (h,0,0,0,Oct Thu 24 18:12:11 +0000 2019,
1417600783,[아시아챔피언 전북FC]    알레알레 우리의 자랑  아시아 챔피언 전북FC~   (h,0,0,0,Sep Wed 11 05:12:19 +0000 2019,
1610558312,'로토우스 피버.'그 사람이 당신을 불렀습니다.'쓸쓸해하지 마.'그 사람은 이제 곧 죽습니다.'그동안 고마웠어.'그렇게 다정한 얼굴로.https://t.co/ZgE,0,0,0,Sep Sun 29 14:45:26 +0000 2019,
1610558312,'진희주.'그 사람이 당신을 불렀습니다.'각오는 끝났어.'그 사람은 이제 곧 죽습니다.'그동안 미안했어.'달려가 껴안았습니다.https://t.co/ZgE3J0OvEJ너는... 이미 지독한 사랑을 했구나...(손수건으로 눈물 닦음죽기 직전의 사람과 ,0,0,0,Oct Thu 03 14:44:42 +0000 2019,
1610558312,'이네스 파렐.'그 사람이 당신을 불렀습니다.'각오는 끝났어.'그 사람은 이제 곧 죽습니다.'널 사랑해.'떠나지 마.https://t.co/ZgE3J0OvEJ한 서른살 즈음에 지독한 사랑을 하게 만들고파지는 결과로군(ㅋㅋㅋㅋㅋㅋㅋㅋ,0,0,0,Nov Mon 25 14:42:15 +0000 2019,
1672408998,#카이저핵 #배그자동파밍💟🛑📯#서든핵사이트 #서든핵판매처 #서든핵판매사이트 #서든핵배포#카배아이디판매 #카배아이디팝니다🦎홈피 : https://t.co/MBAVumb9DV🥌텔레그램 : @MARVEL8282#배그핵가격#모바일배그핵#배그핵esp‍♂️😙👩‍🚀💯 ,0,0,11,Aug Mon 19 20:35:44 +0000 2019,
1672408998,#배틀그라운드핵무료#배틀그라운드스크립트#배그핵가격⚗🚰🔆🥌#서든핵사이트 #서든핵판매처 #서든핵판매사이트 #서든핵배포#카배아이디판매 #카배아이디팝니다🚩🌷🗾🎍👵접속 : https://t.co/MBAVumb9DV📯텔레그램 : @MARVEL8282#모바일배그핵 #배그핵esp ,0,0,11,Aug Tue 13 07:04:56 +0000 2019,
1672408998,#배틀그라운드자동조준 #콜옵위치핵💟🕊🚋#서든핵사이트 #서든핵판매처 #서든핵판매사이트 #서든핵배포#카배아이디판매 #카배아이디팝니다💐홈피접속 : https://t.co/MBAVumb9DV📧텔레그램 : @MARVEL8282#배그핵가격#모바일배그핵#배그핵esp⏬📯🔏🔏 ,0,0,11,Nov Sat 16 16:33:25 +0000 2019,
1672408998,#배그에임다운#배그핵esp📧🥌🌕🐗📧홈피 : https://t.co/MBAVumb9DV🗨텔레그램 : @MARVEL8282#서든핵사이트 #서든핵판매처 #서든핵판매사이트 #서든핵배포#카배아이디판매 #카배아이디팝니다#배틀그라운드월핵#배그핵가격 #모바일배그핵👩‍🚀🌷💵📯🚋 ,0,0,11,Sep Thu 05 01:21:32 +0000 2019,
1672408998,#배그에임조정#배그핵esp👩‍💼🐗😣🍌🕊클릭 : https://t.co/MBAVumb9DV🗨텔레그램 : @MARVEL8282#서든핵사이트 #서든핵판매처 #서든핵판매사이트 #서든핵배포#카배아이디판매 #카배아이디팝니다#배그매그니토핵#배그핵가격 #모바일배그핵🦎🤔📚🏚✨ ,0,0,11,Oct Sun 13 22:06:31 +0000 2019,
1672408998,#배그에임조정#배그핵esp🦉😣🍌⏰🏑주소 : https://t.co/MBAVumb9DV⚗텔레그램 : @MARVEL8282#서든핵사이트 #서든핵판매처 #서든핵판매사이트 #서든핵배포#카배아이디판매 #카배아이디팝니다#배틀그라운드위치핵#배그핵가격 #모바일배그핵🏚⏰♠🌕🖼 ,0,0,11,Nov Wed 20 07:23:20 +0000 2019,
1672408998,#배그핵삼 #배그무료에임봇#배그핵esp🖼📚✅#서든핵사이트 #서든핵판매처 #서든핵판매사이트 #서든핵배포#카배아이디판매 #카배아이디팝니다페이지이동 : https://t.co/MBAVumb9DV텔레그램 : @MARVEL8282#배그핵가격#모바일배그핵📧✨💟🦉 ,0,0,11,Sep Sun 22 16:17:12 +0000 2019,
1672408998,#배틀그라운드인힛 #콜옵위치핵😍🤥✅#서든핵사이트 #서든핵판매처 #서든핵판매사이트 #서든핵배포#카배아이디판매 #카배아이디팝니다😍클릭 : https://t.co/MBAVumb9DV🦉텔레그램 : @MARVEL8282#배그핵가격#모바일배그핵#배그핵esp👨‍🎨🎍💵🖼 ,0,0,11,Aug Sat 17 01:18:19 +0000 2019,
1672408998,#배그월핵#배그핵esp🍌🍌🔛🐹🐗홈페이지 : https://t.co/MBAVumb9DV🦍텔레그램 : @MARVEL8282#서든핵사이트 #서든핵판매처 #서든핵판매사이트 #서든핵배포#카배아이디판매 #카배아이디팝니다#배틀그라운드esp다운#배그핵가격 #모바일배그핵🐗👩‍🚀👩‍👩‍👧😣🔆 ,0,0,11,Oct Thu 31 08:45:35 +0000 2019,
1672408998,#배그핵다운#배그핵esp💊👩‍🚀👩‍🚀💪홈피주소 : https://t.co/MBAVumb9DV🔛텔레그램 : @MARVEL8282#서든핵사이트 #서든핵판매처 #서든핵판매사이트 #서든핵배포#카배아이디판매 #카배아이디팝니다#배그핵가격 #모바일배그핵#배그ESP판매🔆🦉🐷🖼 ,0,0,11,Nov Tue 19 17:32:14 +0000 2019,
1672408998,#배그에임봇무료배포🗨🖼🛃🐔✊이동 : https://t.co/MBAVumb9DV✊텔레그램 : @MARVEL8282#서든핵사이트 #서든핵판매처 #서든핵판매사이트 #서든핵배포#카배아이디판매 #카배아이디팝니다#배그핵사는곳#배그핵가격🔏💱🐷🌕📯#모바일배그핵#배그핵esp🔛⚗🔆📯 ,0,0,11,Aug Wed 14 02:25:15 +0000 2019,
1672408998,#배그핵팜 #배그무료핵#배그핵esp📛✊🤥#서든핵사이트 #서든핵판매처 #서든핵판매사이트 #서든핵배포#카배아이디판매 #카배아이디팝니다이동 : https://t.co/MBAVumb9DV텔레그램 : @MARVEL8282#배그핵가격#모바일배그핵🗨⏬🐔🚰 ,0,0,11,Sep Sat 28 22:17:42 +0000 2019,
1672408998,#배그핵삼 #배그무료핵#배그핵esp💐🗨🥌#서든핵사이트 #서든핵판매처 #서든핵판매사이트 #서든핵배포#카배아이디판매 #카배아이디팝니다바로가기 : https://t.co/MBAVumb9DV텔레그램 : @MARVEL8282#배그핵가격#모바일배그핵👵🖼🐔🔆 ,0,0,11,Oct Sun 20 05:38:40 +0000 2019,
1672408998,#배틀그라운드매크로#배틀그라운드무반동핵#서든핵사이트 #서든핵판매처 #서든핵판매사이트 #서든핵배포#카배아이디판매 #카배아이디팝니다#배그핵가격#모바일배그핵 #배그핵esp🦎홈피접속 : https://t.co/MBAVumb9DV🚩텔레그램 : @MARVEL8282 ,0,0,11,Aug Mon 19 07:05:23 +0000 2019,
192052173,RT @blue7ocean: 민주당의 입맛에 맞는 한국당의 테러 [조선일보] 한국당 여성당원들 '與 아내 때려 죽인 김포前의장 공천 사죄하라' ,1,0,0,Sep Sun 22 07:52:36 +0000 2019,
192052173,민주당의 입맛에 맞는 한국당의 테러 [조선일보] 한국당 여성당원들 '與 아내 때려 죽인 김포前의장 공천 사죄하라' ,1,0,0,Oct Tue 22 07:21:04 +0000 2019,
1956239856,ToriNs_Pianoフォローされた数:0(前日比:+1),0,0,0,Nov Mon 25 15:06:36 +0000 2019,
1956239856,ToriNs_Pianoフォローされた数:-1(前日比:-1),0,0,0,Oct Tue 01 15:06:42 +0000 2019,
1956239856,ToriNs_Pianoフォローされた数:0(前日比:-1),0,1,0,Oct Tue 29 15:07:03 +0000 2019,
2261083274,RT @_hellojinx: 릴리 고객님의 랜덤식 이름은...▷어두운 햇감자의 방황◁　#랜덤식이름짓기https://t.co/7j8LRdbAjC ,2,0,1,Oct Sat 12 14:14:52 +0000 2019,
2261083274,RT @_hellojinx: 징스 고객님의 랜덤식 이름은...▷잔혹한 야구공의 배반◁　#랜덤식이름짓기https://t.co/7j8LRdbAjC ,2,0,1,Aug Wed 14 14:14:48 +0000 2019,
2261083274,RT @_hellojinx: 포키 고객님의 랜덤식 이름은...▷우아한 장어덮밥의 희열◁　#랜덤식이름짓기https://t.co/7j8LRdbAjC ,6,0,1,Nov Fri 22 14:09:31 +0000 2019,
2365371852,질문이나 하고싶은말 ^♥^ ,0,0,0,Aug Wed 21 09:11:51 +0000 2019,
2365371852,질문이나 하고싶은말 ^♥^ ,0,0,0,Sep Tue 03 21:11:41 +0000 2019,
2365371852,질문이나 하고싶은말 ^♥^ ,0,0,0,Nov Sat 16 03:11:51 +0000 2019,
2365371852,질문이나 하고싶은말 ^♥^ ,0,0,0,Sep Wed 04 13:41:44 +0000 2019,
2365371852,질문이나 하고싶은말 ^♥^ ,0,0,0,Sep Thu 26 01:41:44 +0000 2019,
2365371852,질문이나 하고싶은말 ^♥^ ,0,0,0,Oct Wed 23 07:41:42 +0000 2019,
2365371852,질문이나 하고싶은말 ^♥^ ,0,0,0,Nov Thu 07 19:41:39 +0000 2019,
2365371852,RT♥) 김우빈 요일스티커 일판합니다. 실제 스티커에는 글씨가 없습니다. 40장에 2000원! [김우빈요일/세트수/입금날짜/입금자명/거파여부] 양식대로 멘션부탁드립니다! ,0,0,0,Nov Wed 06 07:11:52 +0000 2019,
2365371852,RT♥) 김우빈 요일스티커 일판합니다. 실제 스티커에는 글씨가 없습니다. 40장에 2000원! [김우빈요일/세트수/입금날짜/입금자명/거파여부] 양식대로 멘션부탁드립니다! ,0,0,0,Oct Thu 10 19:11:42 +0000 2019,
2365371852,RT♥) 김우빈 요일스티커 일판합니다. 실제 스티커에는 글씨가 없습니다. 40장에 2000원! [김우빈요일/세트수/입금날짜/입금자명/거파여부] 양식대로 멘션부탁드립니다! ,0,0,0,Sep Sun 15 01:11:59 +0000 2019,
2365371852,RT♥) 김우빈 요일스티커 일판합니다. 실제 스티커에는 글씨가 없습니다. 40장에 2000원! [김우빈요일/세트수/입금날짜/입금자명/거파여부] 양식대로 멘션부탁드립니다! ,0,0,0,Sep Sat 14 11:41:47 +0000 2019,
2365371852,RT♥) 김우빈 요일스티커 일판합니다. 실제 스티커에는 글씨가 없습니다. 40장에 2000원! [김우빈요일/세트수/입금날짜/입금자명/거파여부] 양식대로 멘션부탁드립니다! ,0,0,0,Nov Mon 18 23:41:45 +0000 2019,
2365371852,RT♥) 김우빈 요일스티커 일판합니다. 실제 스티커에는 글씨가 없습니다. 40장에 2000원! [김우빈요일/세트수/입금날짜/입금자명/거파여부] 양식대로 멘션부탁드립니다! ,0,0,0,Aug Mon 12 05:41:44 +0000 2019,
2413660688,동인 전문 굿즈 제작소★굿즈메이트의 공식 계정입니다. 공구나 상품에 대한 공지를 알려드리거나 멘션으로 간단한 문의를 받습니다. 잘 부탁드려요 :D~홈페이지 -&gt; ,0,0,0,Sep Mon 09 13:13:04 +0000 2019,
2413660688,동인 전문 굿즈 제작소★굿즈메이트의 공식 계정입니다. 공구나 상품에 대한 공지를 알려드리거나 멘션으로 간단한 문의를 받습니다. 잘 부탁드려요 :D~홈페이지 -&gt; ,0,0,0,Oct Sun 27 13:13:08 +0000 2019,
2413660688,동인 전문 굿즈 제작소★굿즈메이트의 공식 계정입니다. 공구나 상품에 대한 공지를 알려드리거나 멘션으로 간단한 문의를 받습니다. 잘 부탁드려요 :D~홈페이지 -&gt; ,0,0,0,Nov Thu 07 01:13:08 +0000 2019,
2413660688,동인 전문 굿즈 제작소★굿즈메이트의 공식 계정입니다. 공구나 상품에 대한 공지를 알려드리거나 멘션으로 간단한 문의를 받습니다. 잘 부탁드려요 :D~홈페이지 -&gt; ,0,0,0,Nov Sat 02 07:42:56 +0000 2019,
2413660688,동인 전문 굿즈 제작소★굿즈메이트의 공식 계정입니다. 공구나 상품에 대한 공지를 알려드리거나 멘션으로 간단한 문의를 받습니다. 잘 부탁드려요 :D~홈페이지 -&gt; ,0,0,0,Sep Wed 11 07:42:54 +0000 2019,
2413660688,동인 전문 굿즈 제작소★굿즈메이트의 공식 계정입니다. 공구나 상품에 대한 공지를 알려드리거나 멘션으로 간단한 문의를 받습니다. 잘 부탁드려요 :D~홈페이지 -&gt; ,0,0,0,Nov Thu 21 07:42:55 +0000 2019,
2413660688,자세한 문의사항은 굿즈메이트 메일 https://t.co/Zqg2OjB9Fs 이나 070-8867-9709으로 연락 주시면 친절하게! 상담 해 ,0,0,0,Nov Sun 24 09:13:01 +0000 2019,
2413660688,자세한 문의사항은 굿즈메이트 메일 https://t.co/Zqg2OjB9Fs 이나 070-8867-9709으로 연락 주시면 친절하게! 상담 해 ,0,0,0,Oct Fri 04 09:13:01 +0000 2019,
2413660688,자세한 문의사항은 굿즈메이트 메일 https://t.co/Zqg2OjB9Fs 이나 070-8867-9709으로 연락 주시면 친절하게! 상담 해 ,0,0,0,Sep Mon 09 03:42:55 +0000 2019,
2413660688,자세한 문의사항은 굿즈메이트 메일 https://t.co/Zqg2OjB9Fs 이나 070-8867-9709으로 연락 주시면 친절하게! 상담 해 ,0,0,0,Oct Fri 18 15:42:53 +0000 2019,
2413660688,자세한 문의사항은 굿즈메이트 메일 https://t.co/Zqg2OjB9Fs 이나 070-8867-9709으로 연락 주시면 친절하게! 상담 해 ,0,0,0,Nov Fri 01 15:42:57 +0000 2019,
2413660688,자세한 문의사항은 굿즈메이트 메일 https://t.co/Zqg2OjB9Fs 이나 070-8867-9709으로 연락 주시면 친절하게! 상담 해 ,0,0,0,Aug Fri 23 03:42:55 +0000 2019,
2413660688,[항시공구] 행사와 관계없이 원가보다 저렴하게 진행 가능한 항시공구 서비스를 시작합니다 :D! 대량주문이나 온리전 등 다양하게 이용 가능합니다. 많은 관심 부탁드립니다 &gt;_&lt;! http,0,0,0,Aug Sun 25 05:13:01 +0000 2019,
2413660688,[항시공구] 행사와 관계없이 원가보다 저렴하게 진행 가능한 항시공구 서비스를 시작합니다 :D! 대량주문이나 온리전 등 다양하게 이용 가능합니다. 많은 관심 부탁드립니다 &gt;_&lt;! http,0,0,0,Aug Tue 27 05:13:01 +0000 2019,
2413660688,[항시공구] 행사와 관계없이 원가보다 저렴하게 진행 가능한 항시공구 서비스를 시작합니다 :D! 대량주문이나 온리전 등 다양하게 이용 가능합니다. 많은 관심 부탁드립니다 &gt;_&lt;! http,0,1,0,Oct Sun 13 11:42:58 +0000 2019,
2413660688,[항시공구] 행사와 관계없이 원가보다 저렴하게 진행 가능한 항시공구 서비스를 시작합니다 :D! 대량주문이나 온리전 등 다양하게 이용 가능합니다. 많은 관심 부탁드립니다 &gt;_&lt;! http,0,0,0,Aug Tue 27 11:42:57 +0000 2019,
2413660688,[항시공구] 행사와 관계없이 원가보다 저렴하게 진행 가능한 항시공구 서비스를 시작합니다 :D! 대량주문이나 온리전 등 다양하게 이용 가능합니다. 많은 관심 부탁드립니다 &gt;_&lt;! http,0,0,0,Sep Mon 30 11:42:58 +0000 2019,
2413660688,[항시공구] 행사와 관계없이 원가보다 저렴하게 진행 가능한 항시공구 서비스를 시작합니다 :D! 대량주문이나 온리전 등 다양하게 이용 가능합니다. 많은 관심 부탁드립니다 &gt;_&lt;! http,0,0,0,Oct Fri 11 23:42:58 +0000 2019,
2522820673,one person unfollowed me // automatically checked by ,0,0,0,Oct Wed 09 11:26:24 +0000 2019,
2522820673,one person unfollowed me // automatically checked by ,0,0,0,Nov Tue 12 12:05:52 +0000 2019,
266451424,[MANWOL] Pump It Up Prime플레이 영상 업로드 하고있습니다.,0,0,0,Aug Sun 25 07:12:33 +0000 2019,
266451424,[MANWOL] Pump It Up Prime플레이 영상 업로드 하고있습니다.,0,0,0,Oct Thu 17 19:12:29 +0000 2019,
266451424,[MANWOL] Pump It Up Prime플레이 영상 업로드 하고있습니다.,0,0,0,Nov Tue 26 05:12:33 +0000 2019,
2698404338,one person followed me and one person unfollowed me // automatically checked by ,0,0,0,Sep Tue 24 23:18:41 +0000 2019,
2698404338,one person unfollowed me // automatically checked by ,0,0,0,Sep Thu 26 23:19:33 +0000 2019,
2792614669,#19금만화ㄷㅏ운보ㄱㅣ#성인영상  〓화끈한곳☏■#ㅇㅏㅁㅔ공식ㅅㅏㅇㅣ트↕ https://t.co/0WqI51Eix7 ◐◐일본~~◐#19금ㄱㅏ슴노출ㅅㅏ진 #국ㄴㅐ성인물ㅅㅏㅇㅣ트 ,0,0,5,Nov Fri 15 22:16:22 +0000 2019,
2792614669,https://t.co/0WqI51Eix7#밤ㅂㅏㄷㅏ홈ㅍㅔㅇㅣㅈㅣ#핸드폰ㅇㅑ동#ㄹㅔ드트ㄹㅣ무료ㅇㅑ동중국 ㅇF동 많은곳□ 무료 ㅇF동 ＠▷▥↘#안구정화동영상#ㅎㅐ운ㄷㅐ백ㅁㅏ24ㅅㅣ ,0,0,5,Oct Fri 04 20:46:18 +0000 2019,
2792614669,ㅇㅕㄱㅣㄱㅏ ㅈㅔ일 화끈♡☏#ㅇㅑ부ㄹㅣ트위ㅌㅓ주소 #딸ㄱㅣ넷2⃣ #유럽ㅇㅑ동  https://t.co/TvPpNHClD7놀ㅇㅣㅌㅓ~~♭#ㄱㅏ슴ㄷㅏ운#ㅎㅐ품달 ,0,0,5,Oct Fri 04 20:58:54 +0000 2019,
2792614669,▶⊙♧각종 ㅇF동 보는곳→◎♥#얼짱ㅈㅏ위성인방송ㅇㅕㅈㅏ #한국ㄹㅔ슬링 #ㅇㅑ부ㄹㅣ트위ㅌㅓ주소△ https://t.co/TvPpNHClD7 §＃각종ㄴㅏㄹㅏ ㅇF동№#육덕취향 #후ㅂㅐ위ㅈㅏㅅㅔ로_격ㅎㅏㄱㅔ박ㅇㅏ댄ㄷㅏ ,0,0,6,Nov Thu 07 15:04:37 +0000 2019,
2792614669,https://t.co/CQQDIIGq4O#즐밤닷컴ㅅㅏㅇㅣ트#모델들보ㅈㅣㅈㅏㅈㅣ삽입#양ㅈㅔ명품ㄴㅓ무좋은곳□ 화끈ㅎㅐ ♡♭▥♬#남ㅈㅏ알몸ㅅㅏ진#고china ,0,0,5,Sep Thu 19 13:06:46 +0000 2019,
2792614669,#윤간ㅇㅑ동#공주알ㅂㅏ●ㅇㅕㄱㅣㄱㅏ ㅈㅔ일 화끈¶☞#송탄골드※ https://t.co/CQQDIIGq4O ↗◆휴ㄷㅐ폰으로~~♪#스와핑ㅋㅓ플 #꿀밤28 ,0,0,5,Nov Fri 15 10:49:32 +0000 2019,
2884133624,카트라이더 강시펫 쿠폰 나눔입니다(오늘까지) https://t.co/cBTWLNhG2j 43762-80860-73681-18046-6615443788-11656-38921-98245-4213843788-60004-89165-63,0,0,0,Nov Sun 24 14:49:52 +0000 2019,
2884133624,카트라이더 강시펫쿠폰 나눔입니다(오늘까지) https://t.co/cBTWLNhG2j 43762-80860-73681-18046-6615443788-11656-38921-98245-4213843788-60004-89165-63,0,0,0,Oct Sat 12 14:47:56 +0000 2019,
291571260,RT @GMA: LOOK AT all the @BTS_twt fans that joined us this morning! https://t.co/zTVJpSbXPg#BTSonGMA 💜#BTS#ARMY ,20142,0,3,Nov Mon 11 01:07:07 +0000 2019,
291571260,RT @GMA: .@BTS_twt kicked off our summer concert series this morning with an AMAZING performance! https://t.co/zT,21017,0,1,Sep Fri 20 01:06:12 +0000 2019,
2921245964,Otro regalo del señor chingales con todo ,0,0,0,Sep Wed 25 09:36:47 +0000 2019,
2921245964,NONONONO ESTOY ENTRANDO EN PANIOC POR DIOS QUE BELLEZA DE HOMBRE CLEMENCIA SEÑOR ,0,0,0,Oct Thu 24 09:36:07 +0000 2019,
3065183496,one person unfollowed me // automatically checked by ,0,0,0,Nov Sat 02 02:19:31 +0000 2019,
3065183496,2 people followed me // automatically checked by ,0,0,0,Sep Thu 12 02:27:00 +0000 2019,
3065183496,2 people followed me and one person unfollowed me // automatically checked by ,0,0,0,Oct Fri 25 06:34:11 +0000 2019,
3219917502,جمعوا كل الاغاني اللي احبها وصارت تحفه فنيه ,0,0,0,Sep Sat 21 18:20:03 +0000 2019,
3219917502,جست وووووااااااااااااااوروو ,0,0,0,Oct Sat 26 18:17:36 +0000 2019,
3228210704,RT @STARK__OFFICIAL: 190522 AB6IX 쇼케이스BREATHE ▶ https://t.co/ZRZ9Kel0I5ABSOLUTE (完全體) + HOLLYWOOD ▶ https://t.co/,49,0,0,Sep Sun 29 11:52:46 +0000 2019,
3228210704,RT @STARK__OFFICIAL: 190522 AB6IX 쇼케이스BREATHE ▶ https://t.co/ZRZ9Kel0I5ABSOLUTE (完全體) + HOLLYWOOD ▶ https://t.co/,227,0,0,Oct Mon 07 11:52:43 +0000 2019,
3228210704,RT @STARK__OFFICIAL: 190522 AB6IX 쇼케이스BREATHE ▶ https://t.co/ZRZ9Kel0I5ABSOLUTE (完全體) + HOLLYWOOD ▶ https://t.co/,49,0,0,Oct Wed 23 11:52:46 +0000 2019,
3228210704,RT @STARK__OFFICIAL: 190522 AB6IX 쇼케이스BREATHE ▶ https://t.co/ZRZ9Kel0I5ABSOLUTE (完全體) + HOLLYWOOD ▶ https://t.co/,227,0,0,Oct Tue 22 11:52:43 +0000 2019,
3301535299,RT @b_four_: #백현 #BAEKHYUN @B_hundred_Hyun https://t.co/psvIQli6X4📺https://t.co/TGWz63CEZ7큥튜버님 너무 귀엽습니다... ,3695,0,2,Sep Mon 16 14:20:08 +0000 2019,
3301535299,RT @b_four_: #백현 #BAEKHYUN @B_hundred_Hyun https://t.co/AoeU7L9d9f📺https://t.co/TGWz63CEZ7 ,460,0,2,Nov Wed 13 14:19:47 +0000 2019,
334438064,klo emang gak cari kekuasaan ya ikhlasinblah berarti tuhan belum percaya indonesia dipimpin sama bapak. ,0,0,0,Sep Fri 13 09:42:49 +0000 2019,
334438064,https://t.co/4msIkqfOi6 ,0,0,0,Aug Thu 22 09:41:34 +0000 2019,
3357349632,십구닷컴 홈페이지 현재접속주소 안내입니다.▶ https://t.co/ehqTS6MHXw ◀ 십구닷컴 다음 홈페이지주소는 【sipgu06sipgu07..】오피휴게텔마사지건마건전마사지안마가요주점룸싸롱등핫플레이스 정보,0,0,0,Nov Sat 09 03:13:06 +0000 2019,
3357349632,십구닷컴 홈페이지 현재접속주소 안내입니다.▶ https://t.co/ehqTS6MHXw ◀ 십구닷컴 다음 홈페이지주소는 【sipgu06sipgu07..】오피휴게텔마사지건마건전마사지안마가요주점룸싸롱등핫플레이스 정보,0,0,0,Aug Tue 13 02:43:03 +0000 2019,
3357349632,십구닷컴 홈페이지 현재접속주소 안내입니다.▶ https://t.co/ehqTS6MHXw ◀ 십구닷컴 다음 홈페이지주소는 【sipgu06sipgu07..】오피휴게텔마사지건마건전마사지안마가요주점룸싸롱등핫플레이스 정보,0,0,0,Nov Mon 18 02:13:06 +0000 2019,
3357349632,십구닷컴 홈페이지 현재접속주소 안내입니다.▶ https://t.co/ehqTS6MHXw ◀ 십구닷컴 다음 홈페이지주소는 【sipgu06sipgu07..】오피휴게텔마사지건마건전마사지안마가요주점룸싸롱등핫플레이스 정보,0,0,0,Sep Tue 24 01:43:03 +0000 2019,
3357349632,십구닷컴 홈페이지 현재접속주소 안내입니다.▶ https://t.co/ehqTS6MHXw ◀ 십구닷컴 다음 홈페이지주소는 【sipgu06sipgu07..】오피휴게텔마사지건마건전마사지안마가요주점룸싸롱등핫플레이스 정보,0,0,0,Sep Mon 02 01:13:06 +0000 2019,
3357349632,십구닷컴 홈페이지 현재접속주소 안내입니다.▶ https://t.co/ehqTS6MHXw ◀ 십구닷컴 다음 홈페이지주소는 【sipgu06sipgu07..】오피휴게텔마사지건마건전마사지안마가요주점룸싸롱등핫플레이스 정보,0,0,0,Sep Mon 23 00:43:02 +0000 2019,
3357349632,십구닷컴 홈페이지 현재접속주소 안내입니다.▶ https://t.co/ehqTS6MHXw ◀ 십구닷컴 다음 홈페이지주소는 【sipgu06sipgu07..】오피휴게텔마사지건마건전마사지안마가요주점룸싸롱등핫플레이스 정보,0,0,0,Nov Fri 15 00:13:05 +0000 2019,
3357349632,십구닷컴 홈페이지 현재접속주소 안내입니다.▶ https://t.co/ehqTS6MHXw ◀ 십구닷컴 다음 홈페이지주소는 【sipgu06sipgu07..】오피휴게텔마사지건마건전마사지안마가요주점룸싸롱등핫플레이스 정보,0,0,0,Aug Thu 29 23:43:05 +0000 2019,
3357349632,십구닷컴 홈페이지 현재접속주소 안내입니다.▶ https://t.co/ehqTS6MHXw ◀ 십구닷컴 다음 홈페이지주소는 【sipgu06sipgu07..】오피휴게텔마사지건마건전마사지안마가요주점룸싸롱등핫플레이스 정보,0,0,0,Oct Sat 05 23:13:15 +0000 2019,
3357349632,십구닷컴 홈페이지 현재접속주소 안내입니다.▶ https://t.co/ehqTS6MHXw ◀ 십구닷컴 다음 홈페이지주소는 【sipgu06sipgu07..】오피휴게텔마사지건마건전마사지안마가요주점룸싸롱등핫플레이스 정보,0,0,0,Sep Sat 14 22:43:00 +0000 2019,
3357349632,십구닷컴 홈페이지 현재접속주소 안내입니다.▶ https://t.co/ehqTS6MHXw ◀ 십구닷컴 다음 홈페이지주소는 【sipgu06sipgu07..】오피휴게텔마사지건마건전마사지안마가요주점룸싸롱등핫플레이스 정보,0,0,0,Nov Sat 23 22:13:00 +0000 2019,
3357349632,십구닷컴 홈페이지 현재접속주소 안내입니다.▶ https://t.co/ehqTS6MHXw ◀ 십구닷컴 다음 홈페이지주소는 【sipgu06sipgu07..】오피휴게텔마사지건마건전마사지안마가요주점룸싸롱등핫플레이스 정보,0,0,0,Nov Wed 27 21:43:01 +0000 2019,
3357349632,십구닷컴 홈페이지 현재접속주소 안내입니다.▶ https://t.co/ehqTS6MHXw ◀ 십구닷컴 다음 홈페이지주소는 【sipgu06sipgu07..】오피휴게텔마사지건마건전마사지안마가요주점룸싸롱등핫플레이스 정보,0,0,0,Oct Wed 30 21:13:01 +0000 2019,
3357349632,십구닷컴 홈페이지 현재접속주소 안내입니다.▶ https://t.co/ehqTS6MHXw ◀ 십구닷컴 다음 홈페이지주소는 【sipgu06sipgu07..】오피휴게텔마사지건마건전마사지안마가요주점룸싸롱등핫플레이스 정보,0,0,0,Aug Tue 20 20:43:00 +0000 2019,
3357349632,십구닷컴 홈페이지 현재접속주소 안내입니다.▶ https://t.co/ehqTS6MHXw ◀ 십구닷컴 다음 홈페이지주소는 【sipgu06sipgu07..】오피휴게텔마사지건마건전마사지안마가요주점룸싸롱등핫플레이스 정보,0,0,0,Aug Tue 13 20:13:01 +0000 2019,
3357349632,십구닷컴 홈페이지 현재접속주소 안내입니다.▶ https://t.co/ehqTS6MHXw ◀ 십구닷컴 다음 홈페이지주소는 【sipgu06sipgu07..】오피휴게텔마사지건마건전마사지안마가요주점룸싸롱등핫플레이스 정보,0,0,0,Nov Tue 12 19:43:03 +0000 2019,
3357349632,십구닷컴 홈페이지 현재접속주소 안내입니다.▶ https://t.co/ehqTS6MHXw ◀ 십구닷컴 다음 홈페이지주소는 【sipgu06sipgu07..】오피휴게텔마사지건마건전마사지안마가요주점룸싸롱등핫플레이스 정보,0,0,0,Nov Wed 27 19:13:01 +0000 2019,
3357349632,십구닷컴 홈페이지 현재접속주소 안내입니다.▶ https://t.co/ehqTS6MHXw ◀ 십구닷컴 다음 홈페이지주소는 【sipgu06sipgu07..】오피휴게텔마사지건마건전마사지안마가요주점룸싸롱등핫플레이스 정보,0,0,0,Nov Fri 15 18:43:01 +0000 2019,
351202988,참으로 하나님과 예수님을 믿는 자는 그 약속의 말씀과 약속대로 이룬 것을 믿을 것이다. 추수해서 인치시고 12지파를 창조하셨다. 이는 구원받은 하나님의 가족 천민(天民)이다. 아멘.무료 통신 수강 하실수 있습니다.신천지예수교회 시온선교센타  https://t.co/AjfShdvHJW ,1,1,0,Aug Sat 31 15:46:21 +0000 2019,
351202988,이제는 신천지에 대해 알아볼때가 되지 않았을까요?눈치보지 말고 계시말씀 수강하세요!* 아래 시온선교센터 들어가시면 무료 통신 수강 하실수 있습니다.신천지예수교회 시온선교센타  https://t.co/AjfShdvHJW ,0,0,0,Sep Wed 18 15:43:30 +0000 2019,
351202988,한기총은 갈수록 급감하는 반면 신천지예수교회는 벌써 20만이 넘었다고 하니 왜 사람들이 신천지로 몰려가는지 확인해 보세요^^아래 선교센터에 가입하시면 무료로 말씀을 공부하실수 있습니다.신천지예수교회 시온선교센타  https://t.co/AjfShdvHJW ,1,0,0,Nov Sun 17 15:39:30 +0000 2019,
351202988,이제는 신천지에 대해 알아볼때가 되지 않았을까요?눈치보지 말고 계시말씀 수강하세요!* 아래 시온선교센터 들어가시면 무료 통신 수강 하실수 있습니다.신천지예수교회 시온선교센타  https://t.co/AjfShdvHJW ,1,1,0,Oct Sun 20 15:29:37 +0000 2019,
351202988,성경이 너무 어려우시다고요? #인터넷시온선교센터를 만나면 성경의 답이 확실히 보입니다. 누구나 쉽게 언제 어디서나 무료로 #인류최고의진리를 만나보실 수 있습니다. 지금 접속해보세요. #신청번호https://t.co/AjfShdvHJW ,2,1,3,Aug Mon 12 00:40:13 +0000 2019,
351202988,성경이 너무 어려우시다고요? 인터넷시온선교센터를 만나면 성경의 답이 확실히 보입니다. 누구나 쉽게 언제 어디서나 무료로 인류 최고의 진리를 만나보실 수 있습니다. 지금 접속해보세요. 13972 신청번호https://t.co/AjfShdvHJW ,1,0,0,Sep Thu 12 00:38:33 +0000 2019,
429522209,田中 美久（HKT48 チームH） 配信中!! ,0,0,0,Oct Sat 19 12:05:15 +0000 2019,
429522209,田中 美久（HKT48 チームH） 配信中!! ,0,0,0,Oct Mon 07 10:50:22 +0000 2019,
4705321755,المشكلة مش هنا العيب بالي نزل التويته مع فيس ضحكه مستفزه!!!!! ,0,0,0,Nov Sun 24 03:23:56 +0000 2019,
4705321755,ورربي مقهووورة على جين ايش ذا وجع ,0,0,0,Aug Tue 13 03:22:52 +0000 2019,
4705321755,يعععععع حححقرراااء ,0,0,0,Sep Wed 18 03:22:36 +0000 2019,
4784198624,RT @tunstoks: 세일러문 통신기기 가챠 입고~🐥💗제일복권 세일러문 변신 컬렉션 진행중~50개이상의 이치방쿠지 진행중입니다.^^🔴매장 방문 및 DM쪽지 구매가능^^🔴https://t.co/F,8,0,0,Nov Sat 23 13:15:23 +0000 2019,
4784198624,RT @tunstoks: 헌터x헌터 마네키 모찌 네코 마스코트 인형~💟헌터헌터 굿즈 가득~ 턴스톡스 중랑점~❤⚬매장방문 및 DM ⚬https://t.co/FuNd2MyEEw 턴톡에서 구매가능^^ ,3,0,0,Sep Sun 15 11:41:05 +0000 2019,
4811805818,이야기가 있는 젊은 #언론사 #뉴스페이퍼 제2기 #기자 #정규채용 진행!뉴스페이퍼의 발과 눈 목소리가 되어줄 4분의 기자를 모십니다자격요건- 대졸 이상(2 3년) #경력무관 (신입 지원 가능) 성별 무관 모집인원 4명자세한 것은 사람인 모집공고를 참조해주세요https://t.co/PfW4g4eMBZ ,0,1,5,Aug Wed 14 13:00:10 +0000 2019,
4811805818,이야기가 있는 젊은 #언론사 #뉴스페이퍼 제2기 #기자 #정규채용 진행!뉴스페이퍼의 발과 눈 목소리가 되어줄 4분의 기자를 모십니다자격요건- 대졸 이상(2 3년) #경력무관 (신입 지원 가능) 성별 무관 모집인원 4명자세한 것은 사람인 모집공고를 참조해주세요https://t.co/PfW4g4eMBZ ,0,1,5,Sep Sun 08 12:59:16 +0000 2019,
490237790,RT @bluecodec: 인사하고 돈버는 앱 MCC 굿모닝 알짜배기로 추천!#추천인코드 UM6QUBDF,1,0,1,Nov Mon 04 09:39:15 +0000 2019,
490237790,인사하고 돈버는 앱 MCC 굿모닝 알짜배기로 추천!#추천인코드 UM6QUBDF,1,0,1,Sep Mon 16 06:38:59 +0000 2019,
490237790,RT @bluecodec: 하나사면 모든게 해결! 개발자 머리좋다 ,1,0,0,Sep Thu 26 15:01:21 +0000 2019,
490237790,하나사면 모든게 해결! 개발자 머리좋다 ,1,0,0,Sep Fri 06 07:00:06 +0000 2019,
49259922,RT @PhEXOLVolunteer: [OFFICIAL] [WEIBO] 052219 UPDATE with LAY on 必胜客中国 PizzaHut Weibo update 1/6📎https://t.co/NUrm,5,0,0,Nov Sun 03 13:50:14 +0000 2019,
49259922,RT @PhEXOLVolunteer: [OFFICIAL] [WEIBO] 052219 UPDATE with LAY on 必胜客中国 PizzaHut Weibo update 2/6📎https://t.co/NUrm,1,0,0,Aug Tue 27 13:50:11 +0000 2019,
49259922,RT @PhEXOLVolunteer: [OFFICIAL] [WEIBO] 052219 UPDATE with LAY on 必胜客中国 PizzaHut Weibo update 3/6📎https://t.co/NUrm,3,0,0,Sep Wed 25 13:50:04 +0000 2019,
497597379,[독서캠페인] (明心寶鑑) 자식이 효도하면 어버이는 즐겁고 집안이 화목하면 모든 일이 이루어진다. ,0,0,0,Sep Thu 12 09:12:54 +0000 2019,
497597379,[독서캠페인] (닷바) 양서는 친구 중에서 가장 좋은 친구요 현재도 그리고 영구히 변하지 않는 친구다. ,0,0,0,Oct Mon 14 06:42:38 +0000 2019,
507270927,葉音のYouTubeチャンネルhttps://t.co/liNTQvy,0,5,0,Nov Sun 10 13:39:54 +0000 2019,
507270927,葉音のYouTubeチャンネルhttps://t.co/liNTQvy,1,5,0,Sep Sun 01 01:39:54 +0000 2019,
507270927,葉音のYouTubeチャンネルhttps://t.co/liNTQvy,1,7,0,Nov Sun 03 13:39:53 +0000 2019,
550288893,RT @Apink_2011: [#Apink] APINK+ FANSHIP Reality Show'Everybody Ready!' Ep.03 released now!!🐼🙌💕▶ https://t.co/FUX,314,0,1,Sep Mon 30 11:07:33 +0000 2019,
550288893,RT @Apink_2011: [#에이핑크] APINK+ FANSHIP 리얼리티 'Everybody Ready!' 3화 공개🐼🙌💕APINK+ FANSHIP ▶ https://t.co/FUXCQJZrx2 ,560,0,1,Aug Wed 28 11:01:13 +0000 2019,
564412232,[OFFICIAL] 190522 Pizza Hut China Weibo Update with #LAY (6/6)https://t.co/yd3j1PvxqY#EXO #엑소 @weareoneEXO @layzhang ,254,693,3,Nov Tue 19 14:09:49 +0000 2019,
564412232,[OFFICIAL] 190522 Pizza Hut China Weibo Update with #LAY (5/6)https://t.co/yd3j1PvxqY#EXO #엑소 @weareoneEXO @layzhang ,288,795,3,Sep Wed 18 14:09:20 +0000 2019,
564412232,[OFFICIAL] 190522 Pizza Hut China Weibo Update with #LAY (4/6)https://t.co/yd3j1PvxqY#EXO #엑소 @weareoneEXO @layzhang ,55,82,3,Nov Sun 17 14:08:57 +0000 2019,
564412232,[OFFICIAL] 190522 Pizza Hut China Weibo Update with #LAY (3/6)https://t.co/yd3j1PvxqY#EXO #엑소 @weareoneEXO @layzhang ,58,97,3,Sep Fri 27 14:08:24 +0000 2019,
564412232,[OFFICIAL] 190522 Pizza Hut China Weibo Update with #LAY (2/6)https://t.co/yd3j1PvxqY#EXO #엑소 @weareoneEXO @layzhang ,77,126,3,Nov Fri 01 14:07:32 +0000 2019,
564412232,[OFFICIAL] 190522 Pizza Hut China Weibo Update with #LAY (1/6)https://t.co/yd3j1PvxqY#EXO #엑소 @weareoneEXO @layzhang ,772,1592,3,Sep Mon 09 14:01:14 +0000 2019,
573043531,📷 [INSTAGRAM] 190522 Actualización de jqlee1 en Story con EXO SUHO.🔗 https://t.co/gSUjqo4Owj #PremiosMTVMIAW⁠#MTVLAKPOPEXO #MTVBRKPOPEXO @weareoneEXOAdmin Blossom 🌸 ,0,0,3,Nov Sun 24 16:51:50 +0000 2019,
573043531,📷 [INSTAGRAM] 190522 Actualización de de__han en Story con EXO SUHO.'Wow🐰🎂🎉'🔗 https://t.co/gSUjqo4Owj#PremiosMTVMIAW⁠#MTVLAKPOPEXO #MTVBRKPOPEXO @weareoneEXOAdmin Blossom 🌸 ,0,0,3,Aug Thu 29 16:49:39 +0000 2019,
573043531,✅ [OFICIAL] 190522 Actualización de 必胜客中国 (Pizza Hut China) en Weibo con EXO LAY (6/6)🔗 https://t.co/qMmKCdxKwF#PremiosMTVMIAW⁠#MTVLAKPOPEXO #MTVBRKPOPEXO @weareoneEXOAdmin Blossom 🌸 ,3,0,3,Nov Mon 04 16:47:47 +0000 2019,
573043531,✅ [OFICIAL] 190522 Actualización de 必胜客中国 (Pizza Hut China) en Weibo con EXO LAY (5/6)🔗 https://t.co/qMmKCdxKwF#PremiosMTVMIAW⁠#MTVLAKPOPEXO #MTVBRKPOPEXO @weareoneEXOAdmin Blossom 🌸 ,0,0,3,Oct Thu 03 16:47:25 +0000 2019,
573043531,✅ [OFICIAL] 190522 Actualización de 必胜客中国 (Pizza Hut China) en Weibo con EXO LAY (4/6)🔗 https://t.co/qMmKCdxKwF#PremiosMTVMIAW⁠#MTVLAKPOPEXO #MTVBRKPOPEXO @weareoneEXOAdmin Blossom 🌸 ,0,0,3,Nov Wed 06 16:46:32 +0000 2019,
573043531,✅ [OFICIAL] 190522 Actualización de 必胜客中国 (Pizza Hut China) en Weibo con EXO LAY (3/6)🔗 https://t.co/qMmKCdxKwF#PremiosMTVMIAW⁠#MTVLAKPOPEXO #MTVBRKPOPEXO @weareoneEXOAdmin Blossom 🌸 ,0,0,3,Nov Sun 24 16:45:47 +0000 2019,
573043531,✅ [OFICIAL] 190522 Actualización de 必胜客中国 (Pizza Hut China) en Weibo con EXO LAY (2/6)🔗 https://t.co/qMmKCdxKwF#PremiosMTVMIAW⁠#MTVLAKPOPEXO #MTVBRKPOPEXO @weareoneEXOAdmin Blossom 🌸 ,0,0,3,Oct Wed 16 16:45:27 +0000 2019,
573043531,✅ [OFICIAL] 190522 Actualización de 必胜客中国 (Pizza Hut China) en Weibo con EXO LAY (1/6)🔗 https://t.co/qMmKCdxKwF#PremiosMTVMIAW⁠#MTVLAKPOPEXO #MTVBRKPOPEXO @weareoneEXOAdmin Blossom 🌸 ,0,1,3,Oct Fri 18 16:45:12 +0000 2019,
594240220,최고수위 ㅇF동보는곳◆㏘ 질질~~ 싼닷 ♤▤https://t.co/DQINYfMGsl#양양회ㅅㅏ원만남#토ㅅㅏｔｖ#uㅌㅗ렌트ㄷㅏ운#강동호_ㄱㅐ조ㅇㅏ#ㅂㅣㅋㅣㄴㅣ스ㅌㅏ그램 ,0,0,5,Oct Thu 17 15:33:46 +0000 2019,
594240220,일본 ㅇF동 보는곳▨㏘#낚ㅅㅣ만화추천 #딸의친구 #bj일탈https://t.co/DQINYfMGslㅅㅓ양~~※#은유ㅅㅏㅇㅣ트#ㅅㅑㅇㅣㄴㅣ일본방송ㅈㅏ막 ,0,0,5,Sep Mon 02 11:34:45 +0000 2019,
594240220,https://t.co/DQINYfMGsl◈ 공ㅉㅏ로 봐~ ㉿ ♬ ↗† ☎ → 질질ㅆr는 유출 ㅇF동 †#30ㄷㅐㅇㅕㅈㅏ친구만들ㄱㅣ #보엔봉#ㅅㅐ조위#ㄱㅣ모ㅉㅣㅇㅣㅇㅣ #열띤호응ㅇㅣ있ㄷㅏ면화보ㅅㅏ진의촬영순ㅅㅓ를공ㄱㅐ할ㄱㅔ요 ,0,0,5,Sep Sat 28 18:33:38 +0000 2019,
594240220,https://t.co/ip46FA9Fbg＊ 유출 ㅇF동 많은곳 ☜¶ 한번오면 또온ㄷㅏ ↙#opㅆㅏㅈㅣ #ㅌㅣㅂㅣ팡ㅅㅐ로운주소#58vod볼통 #uㅌㅗ렌트ㄷㅏ운#ㅅㅔ종구멍ㄱㅏㄱㅔ ,0,0,5,Oct Thu 10 07:26:07 +0000 2019,
594240220,https://t.co/ip46FA9Fbg● 무료~공ㅉㅏ~ ◈ ◆ ♬☜ ☞ □ 중국 ㅇF동 보는곳 ○#공ㄸㅓㄱ #일본유명섹ㅅㅣㅂㅐ우#인ㅌㅓ넷성문화#ㅂㅣ스트그곳ㅇㅔㅅㅓㄱㅣㄷㅏ릴ㄱㅔ #국산ㅌㅗ렌트… ,0,0,5,Aug Tue 13 03:13:09 +0000 2019,
598076155,&lt;★ 5 확률 100 %&gt;쉐어가챠에서 5성 차일드를 획득!! https://t.co/5c7vKbCmkT #데차 쉐어가챠 ,0,0,1,Sep Mon 30 11:56:14 +0000 2019,
598076155,&lt;★ 5 확률 100 %&gt;쉐어가챠에서 5성 차일드를 획득!! https://t.co/5c7vKbCmkT #데차 쉐어가챠 ,0,0,1,Oct Wed 09 15:00:23 +0000 2019,
598076155,&lt;★ 5 확률 100 %&gt;쉐어가챠에서 5성 차일드를 획득!! https://t.co/5c7vKbCmkT #데차 쉐어가챠 ,0,0,1,Nov Wed 27 12:57:53 +0000 2019,
598076155,&lt;★ 5 확률 100 %&gt;쉐어가챠에서 5성 차일드를 획득!! https://t.co/5c7vKbCmkT #데차 쉐어가챠 ,0,0,1,Aug Tue 27 13:00:42 +0000 2019,
598076155,&lt;★ 5 확률 100 %&gt;쉐어가챠에서 5성 차일드를 획득!! https://t.co/5c7vKbCmkT #데차 쉐어가챠 ,0,0,1,Oct Sun 13 09:26:25 +0000 2019,
598076155,&lt;★ 5 확률 100 %&gt;쉐어가챠에서 5성 차일드를 획득!! https://t.co/5c7vKbCmkT #데차 쉐어가챠 ,0,0,1,Aug Tue 27 11:40:52 +0000 2019,
598076155,&lt;★ 5 확률 100 %&gt;쉐어가챠에서 5성 차일드를 획득!! https://t.co/5c7vKbCmkT #데차 쉐어가챠 ,0,0,1,Nov Sat 16 01:27:27 +0000 2019,
598076155,RT @courtkillz: &lt;★ 5 확률 100 %&gt;쉐어가챠에서 5성 차일드를 획득!! https://t.co/5c7vKbCmkT #데차 쉐어가챠 ,1,0,1,Sep Sun 29 13:15:55 +0000 2019,
598076155,&lt;★ 5 확률 100 %&gt;쉐어가챠에서 5성 차일드를 획득!! https://t.co/5c7vKbCmkT #데차 쉐어가챠 ,1,0,1,Nov Mon 11 00:42:31 +0000 2019,
598076155,&lt;★ 5 확률 100 %&gt;쉐어가챠에서 5성 차일드를 획득!! https://t.co/5c7vKbCmkT #데차 쉐어가챠 ,0,0,1,Sep Wed 04 08:00:09 +0000 2019,
598076155,&lt;★ 5 확률 100 %&gt;쉐어가챠에서 5성 차일드를 획득!! https://t.co/5c7vKbTXJt #데차 쉐어가챠 ,0,0,1,Oct Sun 13 13:10:59 +0000 2019,
598076155,&lt;★ 5 확률 100 %&gt;쉐어가챠에서 5성 차일드를 획득!! https://t.co/5c7vKbTXJt #데차 쉐어가챠 ,0,0,1,Aug Sun 18 06:51:39 +0000 2019,
598076155,I just won this Child from a 5★ Share Gacha with 10000% odds! Check out its Live2D animation! https://t.co/blTYHI1mFL #DestinyChildShareGacha ,0,0,1,Aug Sat 24 00:48:29 +0000 2018,
598076155,I just won this Child from a 5★ Share Gacha with 10000% odds! Check out its Live2D animation! https://t.co/blTYHI1mFL #DestinyChildShareGacha ,0,0,1,Nov Sat 02 00:47:50 +0000 2018,
598076155,I just won this Child from a 5★ Share Gacha with 10000% odds! Check out its Live2D animation! https://t.co/blTYHI1mFL #DestinyChildShareGacha ,0,0,1,Sep Sat 21 00:46:49 +0000 2018,
598076155,I just won this Child from a 5★ Share Gacha with 10000% odds! Check out its Live2D animation! https://t.co/blTYHI1mFL #DestinyChildShareGacha ,0,0,1,Oct Thu 03 00:43:06 +0000 2018,
598076155,I just won this Child from a 5★ Share Gacha with 10000% odds! Check out its Live2D animation! https://t.co/blTYHI1mFL #DestinyChildShareGacha ,0,0,1,Aug Wed 14 00:42:14 +0000 2018,
598076155,I just won this Child from a 5★ Share Gacha with 10000% odds! Check out its Live2D animation! https://t.co/blTYHI1mFL #DestinyChildShareGacha ,0,0,1,Sep Sun 22 00:41:14 +0000 2018,
623936246,RT @gingerol95: tompoleman 인스타(3)https://t.co/rDt6Z3lRUg#방탄소년단 #BTS @BTS_twt #iHeartBTS ,2375,0,3,Nov Tue 12 14:54:52 +0000 2019,
623936246,RT @gingerol95: tompoleman 인스타(2)https://t.co/rDt6Z3lRUg#방탄소년단 #BTS @BTS_twt #iHeartBTS ,1773,0,3,Oct Wed 09 14:54:46 +0000 2019,
623936246,RT @gingerol95: tompoleman 인스타(1)https://t.co/rDt6Z3lRUg#방탄소년단 #BTS @BTS_twt #iHeartBTS ,3819,0,3,Nov Sat 02 14:54:35 +0000 2019,
702108409802280960,RT @RVsmtown: Red Velvet JAPAN 2nd Mini Album「SAPPY」🎧2019.5.29 Release👉https://t.co/GMAMkglsCS#RedVelvet#SAPPY ,29443,0,2,Oct Thu 24 16:27:50 +0000 2019,
702108409802280960,RT @RVsmtown: Red Velvet JAPAN 2nd Mini Album「SAPPY」🎧2019.5.29 Release👉https://t.co/GMAMkglsCS#RedVelvet#SAPP,22088,0,4,Sep Mon 30 15:38:21 +0000 2019,
702108409802280960,RT @RVsmtown: Red Velvet JAPAN 2nd Mini Album「SAPPY」🎧2019.5.29 Release👉https://t.co/GMAMkglsCS#RedVelvet#SA,25943,0,5,Aug Tue 13 15:37:37 +0000 2019,
710458934172102656,📘성경공부언제 어디서나 쉽고 편하게 성경을 공부할 수 있는 사이트를 소개해드립니다인터넷시온선교센터를 만나면 성경의 답이 확실히 보입니다. 누구나 쉽게 언제 어디서나 무료로 인류 최고의 진리를 만나보실 수 있습니다. 지금 접속해보세요~✍️ https://t.co/gc3mjTU5jt ,9,2,0,Sep Wed 18 12:17:38 +0000 2019,
710458934172102656,📘성경공부언제 어디서나 쉽고 편하게 성경을 공부할 수 있는 사이트를 소개해드립니다인터넷시온선교센터를 만나면 성경의 답이 확실히 보입니다. 누구나 쉽게 언제 어디서나 무료로 인류 최고의 진리를 만나보실 수 있습니다. 지금 접속해보세요~✍️ https://t.co/gc3mjTU5jt ,18,6,0,Sep Thu 19 12:16:51 +0000 2019,
710458934172102656,📘성경공부언제 어디서나 쉽고 편하게 성경을 공부할 수 있는 사이트를 소개해드립니다인터넷시온선교센터를 만나면 성경의 답이 확실히 보입니다. 누구나 쉽게 언제 어디서나 무료로 인류 최고의 진리를 만나보실 수 있습니다. 지금 접속해보세요~✍️ https://t.co/gc3mjTU5jt ,11,4,0,Aug Fri 30 12:16:02 +0000 2019,
710458934172102656,📘성경공부언제 어디서나 쉽고 편하게 성경을 공부할 수 있는 사이트를 소개해드립니다인터넷시온선교센터를 만나면 성경의 답이 확실히 보입니다. 누구나 쉽게 언제 어디서나 무료로 인류 최고의 진리를 만나보실 수 있습니다. 지금 접속해보세요~✍️ https://t.co/gc3mjTU5jt ,11,3,0,Aug Tue 13 12:14:30 +0000 2019,
710458934172102656,🍀성경공부언제 어디서나 쉽고 편하게 성경을 공부할 수 있는 사이트를 소개해드립니다인터넷시온선교센터를 만나면 성경의 답이 확실히 보입니다. 누구나 쉽게 언제 어디서나 무료로 인류 최고의 진리를 만나보실 수 있습니다. 지금 접속해보세요~https://t.co/YqBdKcJvVR ,21,4,0,Sep Wed 18 12:45:07 +0000 2019,
710458934172102656,🍀성경공부언제 어디서나 쉽고 편하게 성경을 공부할 수 있는 사이트를 소개해드립니다인터넷시온선교센터를 만나면 성경의 답이 확실히 보입니다. 누구나 쉽게 언제 어디서나 무료로 인류 최고의 진리를 만나보실 수 있습니다. 지금 접속해보세요~https://t.co/YqBdKcJvVR ,33,14,0,Nov Sat 02 12:43:35 +0000 2019,
710458934172102656,🍀성경공부언제 어디서나 쉽고 편하게 성경을 공부할 수 있는 사이트를 소개해드립니다인터넷시온선교센터를 만나면 성경의 답이 확실히 보입니다. 누구나 쉽게 언제 어디서나 무료로 인류 최고의 진리를 만나보실 수 있습니다. 지금 접속해보세요~https://t.co/YqBdKcJvVR ,28,6,0,Nov Sat 02 12:43:07 +0000 2019,
710458934172102656,🍀성경공부언제 어디서나 쉽고 편하게 성경을 공부할 수 있는 사이트를 소개해드립니다인터넷시온선교센터를 만나면 성경의 답이 확실히 보입니다. 누구나 쉽게 언제 어디서나 무료로 인류 최고의 진리를 만나보실 수 있습니다. 지금 접속해보세요~https://t.co/YqBdKcJvVR ,45,20,0,Aug Mon 19 12:41:23 +0000 2019,
724260417543901184,ㅅㅓ양 ㅇF동 많은곳〓▷#육봉넷 #_ㅇㅕ우ㅇㅑ_ #길ㄱㅓㄹㅣ청ㅂㅏㅈㅣ뒤ㅌㅐhttps://t.co/DN3DGt2uKw공ㅉㅏ로 봐~↖#ㅊㅓㅈㅔ과ㅃㅏ구ㄹㅣ#ㅇㅏ프ㄹㅣㅋㅏtvㅇㅕbj속옷 ,0,0,5,Nov Sat 23 15:37:02 +0000 2019,
724260417543901184,https://t.co/DN3DGt2uKw↖ 후끈후끈 ☞ ♨ ♩■ ▩ ㏇ 화끈한걸 원한ㄷㅏ면? §#발ㅍㅔㅌㅣ쉬 #풍ㄱㅣ문란보쌈ㅇㅑㅅㅏ#보ㅂㅐ넷보ㅈㅏ넷보ㅈㅣ#ㄷㅗ방넷 #40ㄷㅐ밝ㅎㅣ는유부앤만들ㄱㅣ ,0,0,5,Nov Thu 21 22:56:57 +0000 2019,
724260417543901184,#성인ㄱㅔㅅㅣ판ㅇㅑ한동영상#춘ㅈㅏㄴㅕ＆혼ㅈㅏㅅㅓ 심심할땐 ㅇㅕㄱㅣ○◁#인ㄱㅣㅇㅑ동↖ https://t.co/pcpbJMsuNF ㉿＠ㅅㅓ양~~℡#돌싱ㄴㅕㅋㅓ플찾ㄱㅣ #일본ㅇㅑ동동영상 ,0,0,5,Sep Sun 01 08:49:38 +0000 2019,
724260417543901184,ㅇㅕㄱㅣㄱㅏ ㅈㅔ일 화끈↑♬ ㄴㅓ무좋은곳 ◀→https://t.co/pcpbJMsuNF#bjㅅㅏㅇㅣ트#조ㄱㅐㅌㅣㅂㅣㅂㅏ로ㄱㅏㄱㅣ#bj성인방송ㅇㅣ름#ㅇㅑ한섹ㅅㅡ보ㄱㅣ#성인ㅅㅏㅇㅣ트ㅅㅏ진 ,0,0,5,Sep Thu 05 05:35:20 +0000 2019,
740172889509371904,PADAHAL BUKA MASIH STNGAH JAM LAGI YA ,0,0,0,Nov Thu 07 09:25:50 +0000 2019,
740172889509371904,ASTAGHFIRULLAH ,0,0,0,Aug Fri 23 09:25:34 +0000 2019,
747293370372939777,RT @btschartdata: iTunes US#53. “Boy With Luv (feat. Halsey)” (+2) ,1384,0,0,Sep Thu 19 12:08:56 +0000 2019,
747293370372939777,RT @btschartdata: iTunes US#55. “Boy With Luv (feat. Halsey)” (+36) ,1957,0,0,Oct Thu 10 11:17:03 +0000 2019,
749302814,※정식산부인과병원#종로구중절수술병원 #노원구중절수술병원 #은평구중절수술병원 #금천구낙태수술병원 #관악중절수술병원 #송파중절수술병원 #분당낙태수술병원 #기형아중절수술병원 SEOUL9993@gmail.com ←메일문의https://t.co/Q9MuYYvrnb ←병원안내 ,0,0,8,Nov Sat 23 11:11:00 +0000 2019,
749302814,▩현대의료시설이 갖춰진 정식산부인과로당일상담 및 예약이 가능합니다.【SEOUL9993@gmail.com】메일문의https://t.co/Q9MuYYvrnb ←병원안내#성동구낙태수술병원#도봉구중절수술병원#양천구낙태수술병원#영등포중절수술병원#서초구낙태수술병원 ,0,0,5,Nov Wed 13 09:57:48 +0000 2019,
749302814,▽ 【SEOUL9993@gmail.com】▲메일문의https://t.co/Q9MuYYvrnb▲병원안내현대의료시설이 갖춰진 정식산부인과로당일상담 및 예약이 가능합니다.중절수술상담이 필요하시다면문의주시기 바랍니다. #13주중절수술병원#23주중절수술병원#7주서울중절수술병원#8주낙태비용 ,0,0,4,Oct Tue 08 09:25:29 +0000 2019,
749302814,부평낙태수술병원 #18주중절수술병원 김포중절수술병원안양낙태수술병원수원역낙태수술병원26주중절수술병원송파구중절수술병원은평구낙태수술가능한병원신림역중절수술병원 #28주중절수술병원 신림낙태수술병원중절수술비용문의 ∞ ♣실시간 비밀상담: https://t.co/Q9MuYYvrnb ,0,0,2,Sep Sat 28 04:48:05 +0000 2019,
749302814,부평낙태수술병원 #20주중절수술병원 김포중절수술병원안양낙태수술병원수원역낙태수술병원26주중절수술병원송파구중절수술병원은평구낙태수술가능한병원신림역중절수술병원 #23주중절수술병원 신림낙태수술병원중절수술비용문의 ♧ ♣실시간 비밀상담: https://t.co/Q9MuYYvrnb ,0,0,2,Aug Sat 31 05:16:03 +0000 2019,
749302814,▣ 중절수술상담이 필요하시다면문의주시기 바랍니다. 【SEOUL9993@gmail.com】▲메일문의https://t.co/Q9MuYYvrnb▲병원안내#논현역중절수술병원#송도낙태수술병원#계양구낙태수술병원#김포시중절수술병원#구리시낙태수술병원#시흥중절수술병원#수원중절수술병원 ,0,0,7,Sep Sun 15 21:00:40 +0000 2019,
749302814,∴【SEOUL9993@gmail.com】메일문의https://t.co/Q9MuYYvrnb ←병원안내#여주중절수술병원현대의료시설이 갖춰진 정식산부인과로당일상담 및 예약이 가능합니다.중절수술 상담이 필요하시다면문의주시기 바랍니다.#원주중절수술병원 ,0,0,2,Sep Sat 28 13:49:37 +0000 2019,
749302814,【SEOUL9993@gmail.com】▲메일문의https://t.co/Q9MuYYvrnb▲병원안내현대의료시설이 갖춰진 정식산부인과임신을 유지하기 어렵게 되어중절수술 상담이 필요하시다면문의바랍니다.#구로구중절수술병원#도봉구중절수술병원#은평구낙태수술가능한병원#강서구중절수술병원 ,0,0,4,Sep Sun 08 13:00:03 +0000 2019,
749302814,≪ 정식산부인과병원【SEOUL9993@gmail.com】https://t.co/Q9MuYYvrnb▲E메일문의/상담페이지#서울임신중절수술가능한병원#10주인천낙태수술병원#연수구중절수술병원##남양주시낙태수술가능한병원#시흥중절수술병원#용인시중절수술병원위치 ,0,0,6,Aug Sun 18 10:33:52 +0000 2019,
749302814,⌒ 【SEOUL9993@gmail.com】메일문의/비밀상담현대의료시설이 갖춰진 정식산부인과로당일상담 및 예약이 가능합니다.https://t.co/Q9MuYYvrnb▲병원안내#서초구중절수술병원#송파구중절수술병원위치#분당중절수술병원#32주광주낙태수술병원 ,0,0,4,Oct Sat 12 05:00:41 +0000 2019,
749302814,◆【SEOUL9993@gmail.com】▲메일문의https://t.co/Q9MuYYvrnb▲병원안내현대의료시설이 갖춰진 정식산부인과로당일상담이 가능합니다.중절수술상담이 필요하시다면문의주시기 바랍니다. #21주낙태수술비용#28주낙태수술비용#17주중절수술가능한병원#28주중절수술가능한병원 ,0,0,4,Sep Sat 07 03:20:14 +0000 2019,
749302814,○【SEOUL9993@gmail.com】▲메일문의https://t.co/Q9MuYYvrnb▲병원안내현대의료시설이 갖춰진 정식산부인과로당일상담이 가능합니다.중절수술상담이 필요하시다면문의주시기 바랍니다. #21주낙태수술비용#27주낙태수술비용#16주중절수술가능한병원#27주중절수술가능한병원 ,0,0,4,Nov Tue 19 23:37:22 +0000 2019,
749302814,∂ 【SEOUL9993@gmail.com】▲메일문의https://t.co/Q9MuYYvrnb▲병원안내현대의료시설이 갖춰진 정식산부인과로당일상담 및 예약이 가능합니다.중절수술상담이 필요하시다면문의주시기 바랍니다. #18주중절수술병원#23주중절수술병원#32주중절수술병원#18주중절수술비용 ,0,0,4,Sep Tue 17 11:41:35 +0000 2019,
749302814,◇ 현대의료시설이 갖춰진 정식산부인과 병원위치 및 비용문의【SEOUL9993@gmail.com】▲메일문의https://t.co/Q9MuYYvrnb▲병원안내#20주중절수술병원#서울파주중절수술병원#32주중절수술병원#중절수술후기#20주낙태수술병원 ,0,0,5,Oct Thu 03 02:25:00 +0000 2019,
750695390,바람은 차가운데 오빠 품은 ㅈㄴ 따뜻하지. #오빠친구 #Day7 https://t.co/fm7x7GvQvm ,0,0,2,Oct Fri 18 10:50:20 +0000 2019,
750695390,이제 나 좋아하지 마. 앞으로는 내가 좋아할 거니까. #오빠친구 #Day7 https://t.co/fm7x7GvQvm ,0,0,2,Oct Sun 27 10:26:42 +0000 2019,
750695390,패션의기본ST 구매완료! 라면 스토리 오픈♥ #오빠친구 #Day7 https://t.co/fm7x7GvQvm ,0,0,2,Nov Mon 18 10:06:41 +0000 2019,
750695390,젤라가젤조아PT 구매완료! 매력도 15 UP♥ #오빠친구 #Day7 https://t.co/fm7x7GvQvm ,0,0,2,Oct Sat 12 10:03:11 +0000 2019,
750695390,아가일로와봐NT 구매완료! 매력도 15 UP♥ #오빠친구 #Day7 https://t.co/fm7x7GvQvm ,0,0,2,Nov Fri 08 10:02:40 +0000 2019,
750695390,패션의완성ST 구매완료! 라면 스토리 오픈♥ #오빠친구 #Day7 https://t.co/fm7x7GvQvm ,0,0,2,Oct Thu 10 10:00:29 +0000 2019,
750695390,래빗도 모르는 바보여도 내가 좋아하는 사람은 알아… #오빠친구 #Day7 https://t.co/fm7x7GvQvm ,0,0,2,Aug Mon 19 09:57:21 +0000 2019,
750695390,내가 좋아하는 사람 다른 사람 다 말해줘도 너한테는 말 못해. #오빠친구 #Day7 https://t.co/fm7x7GvQvm ,0,0,2,Nov Wed 06 09:48:35 +0000 2019,
750695390,시럽빼고소피아웃ST 구매완료! 매력도 150 UP♥ #오빠친구 #Day7 https://t.co/fm7x7GvQvm ,0,0,2,Sep Wed 18 09:34:02 +0000 2019,
750695390,네가 예뻐서 연예인 되는 건 어쩔 수 없는데… 밥 못 먹는 건 안 돼. #오빠친구 #Day7 https://t.co/fm7x7GvQvm ,0,0,2,Oct Fri 18 08:52:08 +0000 2019,
750695390,무서운 거 엄청 잘 보게 생겼는데… 의외다ㅎㅎ #오빠친구 #Day7 https://t.co/fm7x7GvQvm ,0,0,2,Sep Thu 26 08:47:52 +0000 2019,
750695390,패션의완성ST 구매완료! 라면 스토리 오픈♥ #오빠친구 #Day7 https://t.co/fm7x7GvQvm ,0,0,2,Aug Sun 25 08:40:10 +0000 2019,
750695390,패션의완성ST 구매완료! 라면 스토리 오픈♥ #오빠친구 #Day7 https://t.co/fm7x7GvQvm ,0,0,2,Aug Tue 27 08:38:41 +0000 2019,
750695390,나는 괜찮은데 너는 비 맞으면 안되니까… #오빠친구 #Day7 https://t.co/fm7x7GvQvm ,0,0,2,Sep Thu 05 08:32:47 +0000 2019,
750695390,여권은없지만CP 구매완료! 스페셜 데이트 오픈♥ #오빠친구 #Day7 https://t.co/fm7x7GvQvm ,0,0,2,Aug Thu 15 08:20:26 +0000 2019,
750695390,나랑 사귀자 공주야. 나 신분 상승 좀 하자. #오빠친구 #Day7 https://t.co/fm7x7GvQvm ,0,0,2,Oct Fri 18 08:13:24 +0000 2019,
750695390,내가 첫 눈에 반한 여자가 있었는데 너처럼 딸기핀이 잘 어울렸거든. #오빠친구 #Day7 https://t.co/fm7x7GvQvm ,0,0,2,Nov Thu 21 23:59:30 +0000 2019,
750695390,그러하다얼그레이ST 구매완료! 매력도 150 UP♥ #오빠친구 #Day7 https://t.co/fm7x7GvQvm ,0,0,2,Aug Mon 12 23:56:35 +0000 2019,
766310989168013312,RT @SVTGlobal: [INFO] 190509 CARAT 4TH GEN MEMBERSHIP RECRUITMENT DETAILS (EN-JPN) @pledis_17 #SEVENTEEN #세븐틴 #ㄹhtt,117,0,3,Aug Wed 21 14:34:52 +0000 2019,
766310989168013312,RT @SVTGlobal: [INFO] 190509 CARAT 4TH GEN MEMBERSHIP RECRUITMENT DETAILS (EN-JPN) @pledis_17 #SEVENTEEN #세븐틴 #ㄹhtt,211,0,3,Sep Tue 10 14:34:45 +0000 2019,
772078206937509894,애스크입니다. 내게 할 질문 혹은 하고싶은 말 어느것이든 마음대로 쓰세요. https://t.co/7pyUi,0,0,1,Aug Mon 12 13:09:32 +0000 2019,
772078206937509894,애스크입니다. 내게 할 질문 혹은 하고싶은 말 어느것이든 마음대로 쓰세요. https://t.co/7pyUi,0,0,1,Nov Mon 04 01:09:32 +0000 2019,
772078206937509894,애스크입니다. 내게 할 질문 혹은 하고싶은 말 어느것이든 마음대로 쓰세요. https://t.co/7pyUi,0,0,1,Sep Wed 11 01:09:36 +0000 2019,
772078206937509894,애스크입니다. 내게 할 질문 혹은 하고싶은 말 어느것이든 마음대로 쓰세요. https://t.co/7pyUi,0,0,1,Sep Tue 24 07:41:58 +0000 2019,
772078206937509894,애스크입니다. 내게 할 질문 혹은 하고싶은 말 어느것이든 마음대로 쓰세요. https://t.co/7pyUi,0,0,1,Oct Mon 14 07:41:56 +0000 2019,
772078206937509894,애스크입니다. 내게 할 질문 혹은 하고싶은 말 어느것이든 마음대로 쓰세요. https://t.co/7pyUi,0,0,1,Sep Sat 28 07:41:56 +0000 2019,
772078206937509894,뜸하게 올리는 유튜브 채널링크. Cyphers-Ludwig: https://t.co/WPe4c,0,0,1,Oct Thu 17 05:09:31 +0000 2019,
772078206937509894,뜸하게 올리는 유튜브 채널링크. Cyphers-Ludwig: https://t.co/WPe4c,0,0,1,Nov Mon 04 05:09:30 +0000 2019,
772078206937509894,뜸하게 올리는 유튜브 채널링크. Cyphers-Ludwig: https://t.co/WPe4c,0,0,1,Oct Sun 20 23:41:58 +0000 2019,
772078206937509894,뜸하게 올리는 유튜브 채널링크. Cyphers-Ludwig: https://t.co/WPe4c,0,0,1,Aug Mon 26 11:41:57 +0000 2019,
772078206937509894,뜸하게 올리는 유튜브 채널링크. Cyphers-Ludwig: https://t.co/WPe4c,0,0,1,Aug Thu 15 23:41:57 +0000 2019,
779658936093855745,RT♡) 주로 북커버 커미션 및 기타 디자인 커미션 받고 있습니다. 홈페이지를 확인해주세요.https://t.co/FOTYzTSEaM@Comsion_Hongbo ,16,0,0,Nov Wed 13 12:34:33 +0000 2019,
779658936093855745,RT♡) 주로 북커버 커미션 및 기타 디자인 커미션 받고 있습니다. 홈페이지를 확인해주세요.https://t.co/FOTYzTSEaM@Comsion_Hongbo ,14,5,0,Aug Thu 22 10:00:34 +0000 2019,
779658936093855745,RT♡) 주로 북커버 커미션 및 기타 디자인 커미션 받고 있습니다. 홈페이지를 확인해주세요.https://t.co/FOTYzTSEaM@Comsion_Hongbo ,11,5,0,Sep Sat 14 11:42:15 +0000 2019,
798038086718345217,RT @BTS_Thailand: [📷​ IG​ : tompoleman]​ BTS and Halsey take NY!(https://t.co/nEMPLrzisK) ,1274,0,0,Nov Tue 12 23:54:40 +0000 2019,
798038086718345217,RT @BTS_Thailand: [📷​ IG​ : tompoleman]​ BTS and Halsey take NY!(https://t.co/nEMPLrzisK) ,1998,0,0,Sep Tue 17 23:54:37 +0000 2019,
804624635572592640,RT @2YA_09: 🥿슈즈 모음 2차🥿🎁RT+팔로 슈즈 추첨🗓마감일 ~05.16🍒지금 계절에 신기 좋은 캐주얼한 슈즈들을 모아봤어요~판매링크 https://t.co/6oqjpoqOYC 주문확인 h,821,0,0,Nov Tue 05 08:39:26 +0000 2019,
804624635572592640,RT @2YA_09: 🌻반팔 원피스 모음2🌻🎁RT+팔로 원피스 추첨🗓마감일 ~05.14🍒캐주얼한 디자인의 반팔 원피스 모음 2탄입니다!판매링크 https://t.co/raBaul17h1주문확인 h,796,0,0,Sep Mon 16 11:30:56 +0000 2019,
807554683,RT @sssong6823: Hello everyone~!! Please Like and Subscribe my youtube channel🙏🏻 ,9798,0,0,Sep Tue 03 11:12:24 +0000 2019,
807554683,RT @sssong6823: 여러분~!! 구독~좋아요 부탁드려요🙏🏻,5938,0,0,Sep Wed 18 11:12:01 +0000 2019,
807554683,RT @YG_iKONIC: 예측불가 아이콘의 케미! 바로 내일 공개됩니다😎#iKON 2019 PRIVATE STAGE [#KEMiSTRY]▶ https://t.co/zvVFpPipKS ,3585,0,2,Sep Thu 26 14:29:23 +0000 2019,
807554683,RT @YG_iKONIC: 코니들의 케미 발산 2️⃣일 전!우리 조금만 더 기다리자 💖#iKON 2019 PRIVATE STAGE [#KEMiSTRY]▶ https://t.co/zvVFpPipKS ,3784,0,2,Aug Wed 28 11:38:05 +0000 2019,
807554683,RT @YG_iKONIC: 아주 뜨겁고 새로운 무대 준비 완료🔥iKONIC! 준비 단단히 하고 오세요!#iKON 2019 PRIVATE STAGE [#KEMiSTRY] D-3▶ https://t.co/zv,3728,0,2,Sep Tue 10 11:42:57 +0000 2019,
807554683,RT @YG_iKONIC: 윤형이는 과연 누구와 유닛 무대를🤔?4️⃣일 후 #iKON 2019 PRIVATE STAGE [#KEMiSTRY] 에서 직접 확인해주세요!▶ https://t.co/zvVFpPip,3332,0,2,Sep Tue 24 20:00:56 +0000 2019,
807554683,RT @YG_iKONIC: 코닉이들 만날 생각에 동혁이는 두근두근💗#iKON 2019 PRIVATE STAGE [#KEMiSTRY] D-6▶ https://t.co/zvVFpPipKS ,4248,0,2,Nov Sun 24 12:01:50 +0000 2019,
807554683,RT @YG_iKONIC: 코닉이가 직접 투표한 스페셜 유닛 무대👬5️⃣일 후 #iKON 2019 PRIVATE STAGE [#KEMiSTRY]에서 공개됩니다!▶ https://t.co/zvVFpPipKS ,3844,0,2,Sep Fri 13 12:01:46 +0000 2019,
807597783318294530,https://t.co/CTJlv,0,1,0,Nov Wed 06 19:10:49 +0000 2019,
807597783318294530,https://t.co/CTJlvGJflU dizzy Dizzy bu,0,0,0,Nov Sat 09 14:21:15 +0000 2019,
819192388463661056,RT @lullaby_dn: https://t.co/XnL6brKNd3© @ColorOfDaniEl📼 https://t.co/MsRrqtrKZB #강다니엘 ,304,0,1,Sep Mon 09 07:35:40 +0000 2019,
819192388463661056,RT @lullaby_dn: https://t.co/dRiUp2dTDr© @ColorOfDaniEl📼 https://t.co/MsRrqtrKZB#강다니엘 ,595,0,1,Nov Sun 03 07:35:32 +0000 2019,
820223818933223424,RT @BTSinformations: iHeartRadio LIVE BTS photo (1) https://t.co/Nw2s3dazSj@BTS_twt #BTS #방탄소년단. ,281,0,2,Oct Fri 25 00:11:38 +0000 2019,
820223818933223424,RT @BTSinformations: iHeartRadio LIVE BTS photo (2) https://t.co/Nw2s3dazSj@BTS_twt #BTS #방탄소년단. ,178,0,2,Sep Sat 21 00:10:59 +0000 2019,
820223818933223424,RT @BTSinformations: NY: iHeartRadio Live With BTS At iHeartRadio Theater New York https://t.co/TaY2Wh13IK@BTS_twt,201,0,2,Sep Sun 29 00:06:12 +0000 2019,
820223818933223424,RT @BTSinformations: NY: iHeartRadio Live With BTS At iHeartRadio Theater New York https://t.co/TaY2Wh13IK@BTS_twt,94,0,2,Sep Sat 28 00:06:09 +0000 2019,
82116601,RT @ComicConSeoul: #코믹콘서울 1차 라인업 ⑦- 일정 : 2019년 8월 2일 ~ 4일- 장소 : 서울 코엑스- 입장권 : https://t.co/zSY2EjEWkV- Ticket(EN,114,0,1,Sep Mon 16 11:30:02 +0000 2019,
82116601,RT @ComicConSeoul: #코믹콘서울 1차 라인업 ⑥- 일정 : 2019년 8월 2일 ~ 4일- 장소 : 서울 코엑스- 입장권 : https://t.co/zSY2EjEWkV- Ticket(EN,627,0,1,Oct Sun 27 11:29:45 +0000 2019,
82116601,RT @ComicConSeoul: #코믹콘서울 1차 라인업 ⑤- 일정 : 2019년 8월 2일 ~ 4일- 장소 : 서울 코엑스- 입장권 : https://t.co/zSY2EjEWkV- Ticket(EN,217,0,1,Oct Sat 19 11:28:49 +0000 2019,
82116601,RT @ComicConSeoul: #코믹콘서울 1차 라인업 ④- 일정 : 2019년 8월 2일 ~ 4일- 장소 : 서울 코엑스- 입장권 : https://t.co/zSY2EjEWkV- Ticket(EN,28,0,1,Sep Thu 05 11:28:30 +0000 2019,
823947072571396097,RT @RVsmtown: Red Velvet JAPAN 2nd Mini Album「SAPPY」🎧2019.5.29 Release👉https://t.co/GMAMkglsCS#RedVelvet#SAPPY ,29444,0,2,Oct Wed 30 21:00:16 +0000 2019,
823947072571396097,RT @RVsmtown: Red Velvet JAPAN 2nd Mini Album「SAPPY」🎧2019.5.29 Release👉https://t.co/GMAMkglsCS#RedVelvet#SA,25944,0,5,Aug Sat 24 11:33:15 +0000 2019,
840903912961929216,RT @KaiS2com: 🐻카이스타그램 댓글🐻 🐻: 나는 래오니가 좋은데 ;)https://t.co/mpGaf7t2Hv#카이스타그램 #KAISTAGRAM #EXO⁠ #KAI #종인별 #엑소카이 @we,198,0,6,Sep Mon 02 10:52:01 +0000 2019,
840903912961929216,RT @KaiS2com: 🐻카이스타그램🐻 https://t.co/mpGaf7t2Hv#카이스타그램 #KAISTAGRAM #EXO⁠ #KAI #종인별 #엑소카이 @weareoneEXO ,333,0,6,Aug Thu 15 10:51:59 +0000 2019,
840903912961929216,RT @KaiS2com: 🐻카이스타그램🐻 https://t.co/mpGaf7t2Hv#카이스타그램 #KAISTAGRAM #EXO⁠ #KAI #종인별 #엑소카이 @weareoneEXO ,323,0,6,Aug Sun 25 10:51:55 +0000 2019,
841203273113640961,밤의전쟁 밤전 오피뷰 합병주소 https://t.co/ER6r1xTlJy 밤의전쟁 밤전 오피뷰 밤의전쟁 밤전 오피뷰 밤의전쟁 밤전 오피뷰 밤의전쟁 밤전 오피뷰 밤의전쟁 밤전 오피뷰 밤의전쟁 밤전 ,0,0,0,Sep Tue 17 15:40:16 +0000 2019,
841203273113640961,밤의전쟁 밤전 오피뷰 합병주소 https://t.co/ER6r1xTlJy 밤의전쟁 밤전 오피뷰 밤의전쟁 밤전 오피뷰 밤의전쟁 밤전 오피뷰 밤의전쟁 밤전 오피뷰 밤의전쟁 밤전 오피뷰 밤의전쟁 밤전 ,0,0,0,Aug Thu 29 15:10:17 +0000 2019,
841203273113640961,밤의전쟁 밤전 오피뷰 합병주소 https://t.co/ER6r1xTlJy 밤의전쟁 밤전 오피뷰 밤의전쟁 밤전 오피뷰 밤의전쟁 밤전 오피뷰 밤의전쟁 밤전 오피뷰 밤의전쟁 밤전 오피뷰 밤의전쟁 밤전 ,0,0,0,Sep Mon 30 14:40:17 +0000 2019,
841203273113640961,밤의전쟁 밤전 오피뷰 합병주소 https://t.co/ER6r1xTlJy 밤의전쟁 밤전 오피뷰 밤의전쟁 밤전 오피뷰 밤의전쟁 밤전 오피뷰 밤의전쟁 밤전 오피뷰 밤의전쟁 밤전 오피뷰 밤의전쟁 밤전 ,0,0,0,Oct Mon 21 14:10:17 +0000 2019,
841203273113640961,밤의전쟁 밤전 오피뷰 합병주소 https://t.co/ER6r1xTlJy 밤의전쟁 밤전 오피뷰 밤의전쟁 밤전 오피뷰 밤의전쟁 밤전 오피뷰 밤의전쟁 밤전 오피뷰 밤의전쟁 밤전 오피뷰 밤의전쟁 밤전 ,0,0,0,Oct Thu 24 13:40:17 +0000 2019,
841203273113640961,밤의전쟁 밤전 오피뷰 합병주소 https://t.co/ER6r1xTlJy 밤의전쟁 밤전 오피뷰 밤의전쟁 밤전 오피뷰 밤의전쟁 밤전 오피뷰 밤의전쟁 밤전 오피뷰 밤의전쟁 밤전 오피뷰 밤의전쟁 밤전 ,0,0,0,Nov Fri 08 13:10:18 +0000 2019,
841203273113640961,밤의전쟁 밤전 오피뷰 합병주소 https://t.co/ER6r1xTlJy 밤의전쟁 밤전 오피뷰 밤의전쟁 밤전 오피뷰 밤의전쟁 밤전 오피뷰 밤의전쟁 밤전 오피뷰 밤의전쟁 밤전 오피뷰 밤의전쟁 밤전 ,0,0,0,Oct Thu 24 12:40:16 +0000 2019,
841203273113640961,밤의전쟁 밤전 오피뷰 합병주소 https://t.co/ER6r1xTlJy 밤의전쟁 밤전 오피뷰 밤의전쟁 밤전 오피뷰 밤의전쟁 밤전 오피뷰 밤의전쟁 밤전 오피뷰 밤의전쟁 밤전 오피뷰 밤의전쟁 밤전 ,0,0,0,Aug Fri 30 12:10:17 +0000 2019,
841203273113640961,밤의전쟁 밤전 오피뷰 합병주소 https://t.co/ER6r1xTlJy 밤의전쟁 밤전 오피뷰 밤의전쟁 밤전 오피뷰 밤의전쟁 밤전 오피뷰 밤의전쟁 밤전 오피뷰 밤의전쟁 밤전 오피뷰 밤의전쟁 밤전 ,0,0,0,Oct Tue 29 11:40:17 +0000 2019,
841203273113640961,밤의전쟁 밤전 오피뷰 합병주소 https://t.co/ER6r1xTlJy 밤의전쟁 밤전 오피뷰 밤의전쟁 밤전 오피뷰 밤의전쟁 밤전 오피뷰 밤의전쟁 밤전 오피뷰 밤의전쟁 밤전 오피뷰 밤의전쟁 밤전 ,0,0,0,Nov Thu 14 11:10:18 +0000 2019,
841203273113640961,밤의전쟁 밤전 오피뷰 합병주소 https://t.co/ER6r1xTlJy 밤의전쟁 밤전 오피뷰 밤의전쟁 밤전 오피뷰 밤의전쟁 밤전 오피뷰 밤의전쟁 밤전 오피뷰 밤의전쟁 밤전 오피뷰 밤의전쟁 밤전 ,0,0,0,Aug Wed 14 10:40:16 +0000 2019,
841203273113640961,밤의전쟁 밤전 오피뷰 합병주소 https://t.co/ER6r1xTlJy 밤의전쟁 밤전 오피뷰 밤의전쟁 밤전 오피뷰 밤의전쟁 밤전 오피뷰 밤의전쟁 밤전 오피뷰 밤의전쟁 밤전 오피뷰 밤의전쟁 밤전 ,0,0,0,Oct Thu 31 10:10:17 +0000 2019,
841203273113640961,밤의전쟁 밤전 오피뷰 합병주소 https://t.co/ER6r1xTlJy 밤의전쟁 밤전 오피뷰 밤의전쟁 밤전 오피뷰 밤의전쟁 밤전 오피뷰 밤의전쟁 밤전 오피뷰 밤의전쟁 밤전 오피뷰 밤의전쟁 밤전 ,0,0,0,Sep Mon 02 09:40:17 +0000 2019,
841203273113640961,밤의전쟁 밤전 오피뷰 합병주소 https://t.co/ER6r1xTlJy 밤의전쟁 밤전 오피뷰 밤의전쟁 밤전 오피뷰 밤의전쟁 밤전 오피뷰 밤의전쟁 밤전 오피뷰 밤의전쟁 밤전 오피뷰 밤의전쟁 밤전 ,0,0,0,Nov Fri 22 09:10:17 +0000 2019,
841203273113640961,밤의전쟁 밤전 오피뷰 합병주소 https://t.co/ER6r1xTlJy 밤의전쟁 밤전 오피뷰 밤의전쟁 밤전 오피뷰 밤의전쟁 밤전 오피뷰 밤의전쟁 밤전 오피뷰 밤의전쟁 밤전 오피뷰 밤의전쟁 밤전 ,0,0,0,Nov Thu 14 08:40:17 +0000 2019,
841203273113640961,밤의전쟁 밤전 오피뷰 합병주소 https://t.co/ER6r1xTlJy 밤의전쟁 밤전 오피뷰 밤의전쟁 밤전 오피뷰 밤의전쟁 밤전 오피뷰 밤의전쟁 밤전 오피뷰 밤의전쟁 밤전 오피뷰 밤의전쟁 밤전 ,0,0,0,Sep Sat 21 08:10:17 +0000 2019,
841203273113640961,밤의전쟁 밤전 오피뷰 합병주소 https://t.co/ER6r1xTlJy 밤의전쟁 밤전 오피뷰 밤의전쟁 밤전 오피뷰 밤의전쟁 밤전 오피뷰 밤의전쟁 밤전 오피뷰 밤의전쟁 밤전 오피뷰 밤의전쟁 밤전 ,0,0,0,Aug Sat 17 07:40:17 +0000 2019,
841203273113640961,밤의전쟁 밤전 오피뷰 합병주소 https://t.co/ER6r1xTlJy 밤의전쟁 밤전 오피뷰 밤의전쟁 밤전 오피뷰 밤의전쟁 밤전 오피뷰 밤의전쟁 밤전 오피뷰 밤의전쟁 밤전 오피뷰 밤의전쟁 밤전 ,0,0,0,Sep Fri 13 07:10:17 +0000 2019,
841203273113640961,밤의전쟁 밤전 오피뷰 합병주소 https://t.co/ER6r1xTlJy 밤의전쟁 밤전 오피뷰 밤의전쟁 밤전 오피뷰 밤의전쟁 밤전 오피뷰 밤의전쟁 밤전 오피뷰 밤의전쟁 밤전 오피뷰 밤의전쟁 밤전 ,0,0,0,Nov Mon 18 06:40:17 +0000 2019,
852905992962531328,♠질문은 이쪽으로 주세요. ,0,0,0,Oct Wed 30 14:10:06 +0000 2019,
852905992962531328,♠질문은 이쪽으로 주세요. ,0,0,0,Aug Thu 15 02:10:06 +0000 2019,
852905992962531328,♠질문은 이쪽으로 주세요. ,0,0,0,Sep Mon 02 14:10:05 +0000 2019,
858650883172605952,오뚜기 50주년 기념 한정판 3종이 출시되었습니다! 제한시간 안에  한정판 제품을 찾아주시면 추첨을 통해 50주년 기념 선물세트를 선물로 드립니다. ,0,0,0,Oct Thu 31 12:10:44 +0000 2019,
858650883172605952,오뚜기 50주년 기념 한정판 3종이 출시되었습니다! 제한시간 안에  한정판 제품을 찾아주시면 추첨을 통해 50주년 기념 선물세트를 선물로 드립니다. ,0,0,0,Oct Thu 31 11:31:22 +0000 2019,
858650883172605952,오뚜기 50주년 기념 한정판 3종이 출시되었습니다! 제한시간 안에  한정판 제품을 찾아주시면 추첨을 통해 50주년 기념 선물세트를 선물로 드립니다. ,0,0,0,Aug Sun 25 05:22:48 +0000 2019,
858650883172605952,지난 50년 동안 많은 분들의 사랑을 받아온 오뚜기 대표 히트제품을 맞춰주세요! 추첨을 통해 50주년 기념 선물세트를 드립니다. ,0,0,0,Nov Sun 24 12:10:17 +0000 2019,
858650883172605952,지난 50년 동안 많은 분들의 사랑을 받아온 오뚜기 대표 히트제품을 맞춰주세요! 추첨을 통해 50주년 기념 선물세트를 드립니다. ,0,0,0,Oct Thu 03 11:30:56 +0000 2019,
859664174921596928,밤의전쟁 밤전 트위터 변경주소 안내. 밤의전쟁 https://t.co/Gv6GeVcEH4 밤의전쟁 무료 업소찾기 트윗 밤전 밤의전쟁 업소정보 빠른 검색 트위터 정보안내. Best 무료업소 및 업소검,0,0,0,Sep Fri 27 15:40:17 +0000 2019,
859664174921596928,밤의전쟁 밤전 트위터 변경주소 안내. 밤의전쟁 https://t.co/Gv6GeVcEH4 밤의전쟁 무료 업소찾기 트윗 밤전 밤의전쟁 업소정보 빠른 검색 트위터 정보안내. Best 무료업소 및 업소검,0,0,0,Aug Thu 15 15:10:17 +0000 2019,
859664174921596928,밤의전쟁 밤전 트위터 변경주소 안내. 밤의전쟁 https://t.co/Gv6GeVcEH4 밤의전쟁 무료 업소찾기 트윗 밤전 밤의전쟁 업소정보 빠른 검색 트위터 정보안내. Best 무료업소 및 업소검,0,0,0,Oct Mon 07 14:40:18 +0000 2019,
859664174921596928,밤의전쟁 밤전 트위터 변경주소 안내. 밤의전쟁 https://t.co/Gv6GeVcEH4 밤의전쟁 무료 업소찾기 트윗 밤전 밤의전쟁 업소정보 빠른 검색 트위터 정보안내. Best 무료업소 및 업소검,0,0,0,Sep Mon 23 14:10:17 +0000 2019,
859664174921596928,밤의전쟁 밤전 트위터 변경주소 안내. 밤의전쟁 https://t.co/Gv6GeVcEH4 밤의전쟁 무료 업소찾기 트윗 밤전 밤의전쟁 업소정보 빠른 검색 트위터 정보안내. Best 무료업소 및 업소검,0,0,0,Oct Fri 18 13:40:17 +0000 2019,
859664174921596928,밤의전쟁 밤전 트위터 변경주소 안내. 밤의전쟁 https://t.co/Gv6GeVcEH4 밤의전쟁 무료 업소찾기 트윗 밤전 밤의전쟁 업소정보 빠른 검색 트위터 정보안내. Best 무료업소 및 업소검,0,0,0,Oct Sat 12 13:10:19 +0000 2019,
859664174921596928,밤의전쟁 밤전 트위터 변경주소 안내. 밤의전쟁 https://t.co/Gv6GeVcEH4 밤의전쟁 무료 업소찾기 트윗 밤전 밤의전쟁 업소정보 빠른 검색 트위터 정보안내. Best 무료업소 및 업소검,0,0,0,Nov Sun 03 12:40:17 +0000 2019,
859664174921596928,밤의전쟁 밤전 트위터 변경주소 안내. 밤의전쟁 https://t.co/Gv6GeVcEH4 밤의전쟁 무료 업소찾기 트윗 밤전 밤의전쟁 업소정보 빠른 검색 트위터 정보안내. Best 무료업소 및 업소검,0,0,0,Sep Thu 26 12:10:17 +0000 2019,
859664174921596928,밤의전쟁 밤전 트위터 변경주소 안내. 밤의전쟁 https://t.co/Gv6GeVcEH4 밤의전쟁 무료 업소찾기 트윗 밤전 밤의전쟁 업소정보 빠른 검색 트위터 정보안내. Best 무료업소 및 업소검,0,0,0,Sep Wed 25 11:40:17 +0000 2019,
859664174921596928,밤의전쟁 밤전 트위터 변경주소 안내. 밤의전쟁 https://t.co/Gv6GeVcEH4 밤의전쟁 무료 업소찾기 트윗 밤전 밤의전쟁 업소정보 빠른 검색 트위터 정보안내. Best 무료업소 및 업소검,0,0,0,Nov Mon 25 11:10:19 +0000 2019,
859664174921596928,밤의전쟁 밤전 트위터 변경주소 안내. 밤의전쟁 https://t.co/Gv6GeVcEH4 밤의전쟁 무료 업소찾기 트윗 밤전 밤의전쟁 업소정보 빠른 검색 트위터 정보안내. Best 무료업소 및 업소검,0,0,0,Oct Tue 01 10:40:17 +0000 2019,
859664174921596928,밤의전쟁 밤전 트위터 변경주소 안내. 밤의전쟁 https://t.co/Gv6GeVcEH4 밤의전쟁 무료 업소찾기 트윗 밤전 밤의전쟁 업소정보 빠른 검색 트위터 정보안내. Best 무료업소 및 업소검,0,0,0,Aug Sun 18 10:10:17 +0000 2019,
859664174921596928,밤의전쟁 밤전 트위터 변경주소 안내. 밤의전쟁 https://t.co/Gv6GeVcEH4 밤의전쟁 무료 업소찾기 트윗 밤전 밤의전쟁 업소정보 빠른 검색 트위터 정보안내. Best 무료업소 및 업소검,0,0,0,Nov Wed 13 09:40:17 +0000 2019,
859664174921596928,밤의전쟁 밤전 트위터 변경주소 안내. 밤의전쟁 https://t.co/Gv6GeVcEH4 밤의전쟁 무료 업소찾기 트윗 밤전 밤의전쟁 업소정보 빠른 검색 트위터 정보안내. Best 무료업소 및 업소검,0,0,0,Oct Mon 21 09:10:18 +0000 2019,
859664174921596928,밤의전쟁 밤전 트위터 변경주소 안내. 밤의전쟁 https://t.co/Gv6GeVcEH4 밤의전쟁 무료 업소찾기 트윗 밤전 밤의전쟁 업소정보 빠른 검색 트위터 정보안내. Best 무료업소 및 업소검,0,0,0,Oct Wed 30 08:40:17 +0000 2019,
859664174921596928,밤의전쟁 밤전 트위터 변경주소 안내. 밤의전쟁 https://t.co/Gv6GeVcEH4 밤의전쟁 무료 업소찾기 트윗 밤전 밤의전쟁 업소정보 빠른 검색 트위터 정보안내. Best 무료업소 및 업소검,0,0,0,Oct Tue 08 08:10:18 +0000 2019,
859664174921596928,밤의전쟁 밤전 트위터 변경주소 안내. 밤의전쟁 https://t.co/Gv6GeVcEH4 밤의전쟁 무료 업소찾기 트윗 밤전 밤의전쟁 업소정보 빠른 검색 트위터 정보안내. Best 무료업소 및 업소검,0,0,0,Sep Fri 13 07:40:17 +0000 2019,
859664174921596928,밤의전쟁 밤전 트위터 변경주소 안내. 밤의전쟁 https://t.co/Gv6GeVcEH4 밤의전쟁 무료 업소찾기 트윗 밤전 밤의전쟁 업소정보 빠른 검색 트위터 정보안내. Best 무료업소 및 업소검,0,0,0,Nov Wed 27 07:10:18 +0000 2019,
859664174921596928,밤의전쟁 밤전 트위터 변경주소 안내. 밤의전쟁 https://t.co/Gv6GeVcEH4 밤의전쟁 무료 업소찾기 트윗 밤전 밤의전쟁 업소정보 빠른 검색 트위터 정보안내. Best 무료업소 및 업소검,0,0,0,Oct Mon 14 06:40:17 +0000 2019,
859670902744563713,오피뷰 OPVIEW 트위터 변경주소 안내해드립니다. 오피뷰 https://t.co/jtOv1bQs87 오피뷰 업소사이트 안내 트윗 오피뷰 OPVIEW 업소정보를 빠르게 검색할 수 있는 트위터 정보안내 INFO 업소,0,0,0,Nov Thu 21 15:40:17 +0000 2019,
859670902744563713,오피뷰 OPVIEW 트위터 변경주소 안내해드립니다. 오피뷰 https://t.co/jtOv1bQs87 오피뷰 업소사이트 안내 트윗 오피뷰 OPVIEW 업소정보를 빠르게 검색할 수 있는 트위터 정보안내 INFO 업소,0,0,0,Sep Wed 11 15:10:18 +0000 2019,
859670902744563713,오피뷰 OPVIEW 트위터 변경주소 안내해드립니다. 오피뷰 https://t.co/jtOv1bQs87 오피뷰 업소사이트 안내 트윗 오피뷰 OPVIEW 업소정보를 빠르게 검색할 수 있는 트위터 정보안내 INFO 업소,0,0,0,Aug Thu 15 14:40:18 +0000 2019,
859670902744563713,오피뷰 OPVIEW 트위터 변경주소 안내해드립니다. 오피뷰 https://t.co/jtOv1bQs87 오피뷰 업소사이트 안내 트윗 오피뷰 OPVIEW 업소정보를 빠르게 검색할 수 있는 트위터 정보안내 INFO 업소,0,0,0,Sep Sun 29 14:10:18 +0000 2019,
859670902744563713,오피뷰 OPVIEW 트위터 변경주소 안내해드립니다. 오피뷰 https://t.co/jtOv1bQs87 오피뷰 업소사이트 안내 트윗 오피뷰 OPVIEW 업소정보를 빠르게 검색할 수 있는 트위터 정보안내 INFO 업소,0,0,0,Oct Wed 23 13:40:18 +0000 2019,
859670902744563713,오피뷰 OPVIEW 트위터 변경주소 안내해드립니다. 오피뷰 https://t.co/jtOv1bQs87 오피뷰 업소사이트 안내 트윗 오피뷰 OPVIEW 업소정보를 빠르게 검색할 수 있는 트위터 정보안내 INFO 업소,0,0,0,Sep Tue 03 13:10:19 +0000 2019,
859670902744563713,오피뷰 OPVIEW 트위터 변경주소 안내해드립니다. 오피뷰 https://t.co/jtOv1bQs87 오피뷰 업소사이트 안내 트윗 오피뷰 OPVIEW 업소정보를 빠르게 검색할 수 있는 트위터 정보안내 INFO 업소,0,0,0,Oct Sat 19 12:40:17 +0000 2019,
859670902744563713,오피뷰 OPVIEW 트위터 변경주소 안내해드립니다. 오피뷰 https://t.co/jtOv1bQs87 오피뷰 업소사이트 안내 트윗 오피뷰 OPVIEW 업소정보를 빠르게 검색할 수 있는 트위터 정보안내 INFO 업소,0,0,0,Aug Tue 27 12:10:18 +0000 2019,
859670902744563713,오피뷰 OPVIEW 트위터 변경주소 안내해드립니다. 오피뷰 https://t.co/jtOv1bQs87 오피뷰 업소사이트 안내 트윗 오피뷰 OPVIEW 업소정보를 빠르게 검색할 수 있는 트위터 정보안내 INFO 업소,0,0,0,Oct Sat 19 11:40:18 +0000 2019,
859670902744563713,오피뷰 OPVIEW 트위터 변경주소 안내해드립니다. 오피뷰 https://t.co/jtOv1bQs87 오피뷰 업소사이트 안내 트윗 오피뷰 OPVIEW 업소정보를 빠르게 검색할 수 있는 트위터 정보안내 INFO 업소,0,0,0,Nov Mon 11 11:10:19 +0000 2019,
859670902744563713,오피뷰 OPVIEW 트위터 변경주소 안내해드립니다. 오피뷰 https://t.co/jtOv1bQs87 오피뷰 업소사이트 안내 트윗 오피뷰 OPVIEW 업소정보를 빠르게 검색할 수 있는 트위터 정보안내 INFO 업소,0,0,0,Aug Thu 15 10:40:17 +0000 2019,
859670902744563713,오피뷰 OPVIEW 트위터 변경주소 안내해드립니다. 오피뷰 https://t.co/jtOv1bQs87 오피뷰 업소사이트 안내 트윗 오피뷰 OPVIEW 업소정보를 빠르게 검색할 수 있는 트위터 정보안내 INFO 업소,0,0,0,Sep Sat 28 10:10:18 +0000 2019,
859670902744563713,오피뷰 OPVIEW 트위터 변경주소 안내해드립니다. 오피뷰 https://t.co/jtOv1bQs87 오피뷰 업소사이트 안내 트윗 오피뷰 OPVIEW 업소정보를 빠르게 검색할 수 있는 트위터 정보안내 INFO 업소,0,0,0,Oct Thu 24 09:40:18 +0000 2019,
859670902744563713,오피뷰 OPVIEW 트위터 변경주소 안내해드립니다. 오피뷰 https://t.co/jtOv1bQs87 오피뷰 업소사이트 안내 트윗 오피뷰 OPVIEW 업소정보를 빠르게 검색할 수 있는 트위터 정보안내 INFO 업소,0,0,0,Sep Thu 05 09:10:18 +0000 2019,
859670902744563713,오피뷰 OPVIEW 트위터 변경주소 안내해드립니다. 오피뷰 https://t.co/jtOv1bQs87 오피뷰 업소사이트 안내 트윗 오피뷰 OPVIEW 업소정보를 빠르게 검색할 수 있는 트위터 정보안내 INFO 업소,0,0,0,Oct Sun 20 08:40:17 +0000 2019,
859670902744563713,오피뷰 OPVIEW 트위터 변경주소 안내해드립니다. 오피뷰 https://t.co/jtOv1bQs87 오피뷰 업소사이트 안내 트윗 오피뷰 OPVIEW 업소정보를 빠르게 검색할 수 있는 트위터 정보안내 INFO 업소,0,0,0,Nov Fri 22 08:10:18 +0000 2019,
859670902744563713,오피뷰 OPVIEW 트위터 변경주소 안내해드립니다. 오피뷰 https://t.co/jtOv1bQs87 오피뷰 업소사이트 안내 트윗 오피뷰 OPVIEW 업소정보를 빠르게 검색할 수 있는 트위터 정보안내 INFO 업소,0,0,0,Oct Thu 24 07:40:18 +0000 2019,
859670902744563713,오피뷰 OPVIEW 트위터 변경주소 안내해드립니다. 오피뷰 https://t.co/jtOv1bQs87 오피뷰 업소사이트 안내 트윗 오피뷰 OPVIEW 업소정보를 빠르게 검색할 수 있는 트위터 정보안내 INFO 업소,0,0,0,Nov Sun 10 07:10:18 +0000 2019,
859670902744563713,오피뷰 OPVIEW 트위터 변경주소 안내해드립니다. 오피뷰 https://t.co/jtOv1bQs87 오피뷰 업소사이트 안내 트윗 오피뷰 OPVIEW 업소정보를 빠르게 검색할 수 있는 트위터 정보안내 INFO 업소,0,0,0,Oct Thu 03 06:40:17 +0000 2019,
859675727603523584,아찔한밤 ABAM 아밤 트위터 변경주소 안내 아찔한밤 https://t.co/3JPulejWi1 아찔한밤 아밤 업소안내 트윗 정보 아찔한밤 아밤 남성업소를 빠르게 검색할 수 있습니다. Best업소 할인권후기,0,0,0,Oct Mon 28 15:10:18 +0000 2019,
859675727603523584,아찔한밤 ABAM 아밤 트위터 변경주소 안내 아찔한밤 https://t.co/3JPulejWi1 아찔한밤 아밤 업소안내 트윗 정보 아찔한밤 아밤 남성업소를 빠르게 검색할 수 있습니다. Best업소 할인권후기,0,0,0,Nov Tue 05 14:40:18 +0000 2019,
859675727603523584,아찔한밤 ABAM 아밤 트위터 변경주소 안내 아찔한밤 https://t.co/3JPulejWi1 아찔한밤 아밤 업소안내 트윗 정보 아찔한밤 아밤 남성업소를 빠르게 검색할 수 있습니다. Best업소 할인권후기,0,0,0,Oct Sat 26 14:10:18 +0000 2019,
859675727603523584,아찔한밤 ABAM 아밤 트위터 변경주소 안내 아찔한밤 https://t.co/3JPulejWi1 아찔한밤 아밤 업소안내 트윗 정보 아찔한밤 아밤 남성업소를 빠르게 검색할 수 있습니다. Best업소 할인권후기,0,0,0,Nov Sun 03 13:40:18 +0000 2019,
859675727603523584,아찔한밤 ABAM 아밤 트위터 변경주소 안내 아찔한밤 https://t.co/3JPulejWi1 아찔한밤 아밤 업소안내 트윗 정보 아찔한밤 아밤 남성업소를 빠르게 검색할 수 있습니다. Best업소 할인권후기,0,0,0,Oct Sun 20 13:10:20 +0000 2019,
859675727603523584,아찔한밤 ABAM 아밤 트위터 변경주소 안내 아찔한밤 https://t.co/3JPulejWi1 아찔한밤 아밤 업소안내 트윗 정보 아찔한밤 아밤 남성업소를 빠르게 검색할 수 있습니다. Best업소 할인권후기,0,0,0,Nov Sun 17 12:40:18 +0000 2019,
859675727603523584,아찔한밤 ABAM 아밤 트위터 변경주소 안내 아찔한밤 https://t.co/3JPulejWi1 아찔한밤 아밤 업소안내 트윗 정보 아찔한밤 아밤 남성업소를 빠르게 검색할 수 있습니다. Best업소 할인권후기,0,0,0,Aug Sat 24 12:10:18 +0000 2019,
859675727603523584,아찔한밤 ABAM 아밤 트위터 변경주소 안내 아찔한밤 https://t.co/3JPulejWi1 아찔한밤 아밤 업소안내 트윗 정보 아찔한밤 아밤 남성업소를 빠르게 검색할 수 있습니다. Best업소 할인권후기,0,0,0,Oct Wed 23 11:40:18 +0000 2019,
859675727603523584,아찔한밤 ABAM 아밤 트위터 변경주소 안내 아찔한밤 https://t.co/3JPulejWi1 아찔한밤 아밤 업소안내 트윗 정보 아찔한밤 아밤 남성업소를 빠르게 검색할 수 있습니다. Best업소 할인권후기,0,0,0,Sep Mon 02 11:10:20 +0000 2019,
859675727603523584,아찔한밤 ABAM 아밤 트위터 변경주소 안내 아찔한밤 https://t.co/3JPulejWi1 아찔한밤 아밤 업소안내 트윗 정보 아찔한밤 아밤 남성업소를 빠르게 검색할 수 있습니다. Best업소 할인권후기,0,0,0,Nov Thu 21 10:40:18 +0000 2019,
859675727603523584,아찔한밤 ABAM 아밤 트위터 변경주소 안내 아찔한밤 https://t.co/3JPulejWi1 아찔한밤 아밤 업소안내 트윗 정보 아찔한밤 아밤 남성업소를 빠르게 검색할 수 있습니다. Best업소 할인권후기,0,0,0,Oct Mon 07 10:10:18 +0000 2019,
859675727603523584,아찔한밤 ABAM 아밤 트위터 변경주소 안내 아찔한밤 https://t.co/3JPulejWi1 아찔한밤 아밤 업소안내 트윗 정보 아찔한밤 아밤 남성업소를 빠르게 검색할 수 있습니다. Best업소 할인권후기,0,0,0,Sep Mon 09 09:40:18 +0000 2019,
859675727603523584,아찔한밤 ABAM 아밤 트위터 변경주소 안내 아찔한밤 https://t.co/3JPulejWi1 아찔한밤 아밤 업소안내 트윗 정보 아찔한밤 아밤 남성업소를 빠르게 검색할 수 있습니다. Best업소 할인권후기,0,0,0,Oct Thu 24 09:10:18 +0000 2019,
859675727603523584,아찔한밤 ABAM 아밤 트위터 변경주소 안내 아찔한밤 https://t.co/3JPulejWi1 아찔한밤 아밤 업소안내 트윗 정보 아찔한밤 아밤 남성업소를 빠르게 검색할 수 있습니다. Best업소 할인권후기,0,0,0,Nov Sat 16 08:40:18 +0000 2019,
859675727603523584,아찔한밤 ABAM 아밤 트위터 변경주소 안내 아찔한밤 https://t.co/3JPulejWi1 아찔한밤 아밤 업소안내 트윗 정보 아찔한밤 아밤 남성업소를 빠르게 검색할 수 있습니다. Best업소 할인권후기,0,0,0,Sep Tue 24 08:10:18 +0000 2019,
859675727603523584,아찔한밤 ABAM 아밤 트위터 변경주소 안내 아찔한밤 https://t.co/3JPulejWi1 아찔한밤 아밤 업소안내 트윗 정보 아찔한밤 아밤 남성업소를 빠르게 검색할 수 있습니다. Best업소 할인권후기,0,0,0,Oct Thu 10 07:40:18 +0000 2019,
859675727603523584,아찔한밤 ABAM 아밤 트위터 변경주소 안내 아찔한밤 https://t.co/3JPulejWi1 아찔한밤 아밤 업소안내 트윗 정보 아찔한밤 아밤 남성업소를 빠르게 검색할 수 있습니다. Best업소 할인권후기,0,0,0,Sep Mon 30 07:10:19 +0000 2019,
859675727603523584,아찔한밤 ABAM 아밤 트위터 변경주소 안내 아찔한밤 https://t.co/3JPulejWi1 아찔한밤 아밤 업소안내 트윗 정보 아찔한밤 아밤 남성업소를 빠르게 검색할 수 있습니다. Best업소 할인권후기,0,0,0,Nov Fri 15 06:40:18 +0000 2019,
859675727603523584,아찔한밤 ABAM 아밤 트위터 변경주소 안내 아찔한밤 https://t.co/3JPulejWi1 아찔한밤 아밤 업소안내 트윗 정보 아찔한밤 아밤 남성업소를 빠르게 검색할 수 있습니다. Best업소 할인권후기,0,0,0,Nov Mon 18 06:10:18 +0000 2019,
859679603706667008,아찔한달리기 다달 트위터 변경주소안내 아찔한달리기 https://t.co/vjUFQ82Vkl 아찔한 달리기 아달 adal 접속 안내 트윗 아찔한달리기 남성업소 검색 후기 ,0,0,0,Sep Thu 12 15:10:18 +0000 2019,
859679603706667008,아찔한달리기 다달 트위터 변경주소안내 아찔한달리기 https://t.co/vjUFQ82Vkl 아찔한 달리기 아달 adal 접속 안내 트윗 아찔한달리기 남성업소 검색 후기 ,0,0,0,Aug Sat 17 14:40:19 +0000 2019,
859679603706667008,아찔한달리기 다달 트위터 변경주소안내 아찔한달리기 https://t.co/vjUFQ82Vkl 아찔한 달리기 아달 adal 접속 안내 트윗 아찔한달리기 남성업소 검색 후기 ,0,0,0,Oct Sun 20 14:10:19 +0000 2019,
859679603706667008,아찔한달리기 다달 트위터 변경주소안내 아찔한달리기 https://t.co/vjUFQ82Vkl 아찔한 달리기 아달 adal 접속 안내 트윗 아찔한달리기 남성업소 검색 후기 ,0,0,0,Aug Wed 28 13:40:19 +0000 2019,
859679603706667008,아찔한달리기 다달 트위터 변경주소안내 아찔한달리기 https://t.co/vjUFQ82Vkl 아찔한 달리기 아달 adal 접속 안내 트윗 아찔한달리기 남성업소 검색 후기 ,0,0,0,Sep Wed 04 13:10:20 +0000 2019,
859679603706667008,아찔한달리기 다달 트위터 변경주소안내 아찔한달리기 https://t.co/vjUFQ82Vkl 아찔한 달리기 아달 adal 접속 안내 트윗 아찔한달리기 남성업소 검색 후기 ,0,0,0,Sep Sat 07 12:40:18 +0000 2019,
859679603706667008,아찔한달리기 다달 트위터 변경주소안내 아찔한달리기 https://t.co/vjUFQ82Vkl 아찔한 달리기 아달 adal 접속 안내 트윗 아찔한달리기 남성업소 검색 후기 ,0,0,0,Nov Mon 18 12:10:18 +0000 2019,
859679603706667008,아찔한달리기 다달 트위터 변경주소안내 아찔한달리기 https://t.co/vjUFQ82Vkl 아찔한 달리기 아달 adal 접속 안내 트윗 아찔한달리기 남성업소 검색 후기 ,0,0,0,Oct Sat 05 11:40:18 +0000 2019,
859679603706667008,아찔한달리기 다달 트위터 변경주소안내 아찔한달리기 https://t.co/vjUFQ82Vkl 아찔한 달리기 아달 adal 접속 안내 트윗 아찔한달리기 남성업소 검색 후기 ,0,0,0,Nov Tue 19 11:10:20 +0000 2019,
859679603706667008,아찔한달리기 다달 트위터 변경주소안내 아찔한달리기 https://t.co/vjUFQ82Vkl 아찔한 달리기 아달 adal 접속 안내 트윗 아찔한달리기 남성업소 검색 후기,0,0,0,Nov Tue 19 10:40:18 +0000 2019,
859679603706667008,아찔한달리기 다달 트위터 변경주소안내 아찔한달리기 https://t.co/vjUFQ82Vkl 아찔한 달리기 아달 adal 접속 안내 트윗 아찔한달리기 남성업소 검색 후기 연,0,0,0,Aug Tue 13 10:10:19 +0000 2019,
859679603706667008,아찔한달리기 다달 트위터 변경주소안내 아찔한달리기 https://t.co/vjUFQ82Vkl 아찔한 달리기 아달 adal 접속 안내 트윗 아찔한달리기 남성업소 검색 후기 연,0,0,0,Aug Wed 14 09:40:18 +0000 2019,
859679603706667008,아찔한달리기 다달 트위터 변경주소안내 아찔한달리기 https://t.co/vjUFQ82Vkl 아찔한 달리기 아달 adal 접속 안내 트윗 아찔한달리기 남성업소 검색 후기 연,0,0,0,Oct Wed 23 09:10:19 +0000 2019,
859679603706667008,아찔한달리기 다달 트위터 변경주소안내 아찔한달리기 https://t.co/vjUFQ82Vkl 아찔한 달리기 아달 adal 접속 안내 트윗 아찔한달리기 남성업소 검색 후기 연,0,0,0,Nov Tue 12 08:40:18 +0000 2019,
859679603706667008,아찔한달리기 다달 트위터 변경주소안내 아찔한달리기 https://t.co/vjUFQ82Vkl 아찔한 달리기 아달 adal 접속 안내 트윗 아찔한달리기 남성업소 검색 후기 연,0,0,0,Sep Tue 03 08:10:19 +0000 2019,
859679603706667008,아찔한달리기 다달 트위터 변경주소안내 아찔한달리기 https://t.co/vjUFQ82Vkl 아찔한 달리기 아달 adal 접속 안내 트윗 아찔한달리기 남성업소 검색 후기 연,0,0,0,Oct Mon 07 07:40:18 +0000 2019,
859679603706667008,아찔한달리기 다달 트위터 변경주소안내 아찔한달리기 https://t.co/vjUFQ82Vkl 아찔한 달리기 아달 adal 접속 안내 트윗 아찔한달리기 남성업소 검색 후기 연,0,0,0,Aug Tue 20 07:10:19 +0000 2019,
859679603706667008,아찔한달리기 다달 트위터 변경주소안내 아찔한달리기 https://t.co/vjUFQ82Vkl 아찔한 달리기 아달 adal 접속 안내 트윗 아찔한달리기 남성업소 검색 후기 연,0,0,0,Aug Sun 25 06:40:18 +0000 2019,
859679603706667008,아찔한달리기 다달 트위터 변경주소안내 아찔한달리기 https://t.co/vjUFQ82Vkl 아찔한 달리기 아달 adal 접속 안내 트윗 아찔한달리기 남성업소 검색 후기 연,0,0,0,Sep Sat 14 06:10:18 +0000 2019,
861201463,℡‡＊유출 ㅇF동 많은곳▤‡®#avㅂㅐ우몸ㅁㅐㄴㅗ출 #몽ㅋㅣ닷컴주소 #일본ㅇㅑ한동영상무료↑ https://t.co/KZ2o5hxlDO ▽‡ㅅㅓ양~~℡#국ㄴㅐㅇㅑ한영화 #ㅃㅏ구ㄹㅣ넷 ,0,0,5,Nov Sat 02 04:34:47 +0000 2019,
861201463,https://t.co/KZ2o5hxlDO#망고ㅅㅏㅇㅣ트#일반인ㅂㅣㅋㅣㄴㅣ도ㄲㅣ#무료섹ㅅㅡ동영상완전 ㅉㅓ는 ㅇF동들◀ 중국~~ □△♨℡#섹ㅅㅡ동영상#ㄷㅐ물 ,0,0,5,Sep Fri 20 19:16:47 +0000 2019,
861201463,https://t.co/nIKlcb5MpN#천ㅅㅏㅌㅣㅂㅣ주소#쿠쿠ㄷㅏ스#일본ㅇㅑ동유출 ㅇF동 많은곳○ 완전쪼ㅇㅏ 〓㉿＃㉿#ㅋㅏ섹ㅅㅡ영상#섹ㅅㅣ동영상bjㄴㅗ출 ,0,0,5,Oct Wed 30 23:51:42 +0000 2019,
861201463,#성인방송ㅇㅑ동#걸그룹직캠추천▷화끈화끈＊＊#ㅇㅕ름길ㄱㅓㄹㅣㄴㅗ출▨ https://t.co/nIKlcb5MpN 〓◎중국~~→#토렌ㅌㅡ모ㅇㅏ #G스ㅍㅏㅅ ,0,0,5,Sep Fri 13 12:59:45 +0000 2019,
861201463,#골뱅ㅇㅣ닷컴 #19금방송 #ㅇㅑ한ㅅㅏ진공ㅉㅏㅅㅏㅇㅣ트♬↕유출 ㅇF동 많은곳㏇△https://t.co/nIKlcb5MpN위에클릭♧↓무료 ㅇㅣ용↑↕#ㅇㅕㄷㅐ생들초ㄴㅣ스ㅋㅓ트 #망고ㅅㅏㅇㅣ트 ,0,0,5,Nov Fri 01 00:04:39 +0000 2019,
86514441,RT @WWEXOL: [OFFICIAL] wkorea Instagram Story Update - #CHANYEOL (1/4)🔗https://t.co/LWOrBFoCpA#CHANYEOLAcquaDiPar,233,0,3,Sep Wed 04 07:26:57 +0000 2019,
86514441,RT @WWEXOL: [OFFICIAL] wkorea Instagram Story Update - #CHANYEOL (2/4)[cont]🔗https://t.co/LWOrBFoCpA#CHANYEOLAcqu,69,0,3,Aug Sun 18 07:26:53 +0000 2019,
877290998799495173,Hey folks come join me at https://t.co/VWGxF5eF6o I love quick paid surveys. ,0,0,0,Aug Sat 24 20:53:54 +0000 2019,
877290998799495173,Hey folks come join me at https://t.co/VWGxF5eF6o I love quick paid surveys. ,0,0,0,Nov Tue 19 19:06:21 +0000 2019,
877290998799495173,Hey folks come join me at https://t.co/VWGxF5eF6o I love quick paid surveys. ,0,0,0,Aug Tue 27 20:53:54 +0000 2019,
877290998799495173,Hey folks come join me at https://t.co/VWGxF5eF6o I love quick paid surveys. ,0,0,0,Oct Sat 05 19:06:21 +0000 2019,
878989448821719041,RT @1102S213: #박우진 #PARKWOOJIN #AB6IX - https://t.co/4SAmViE9IH눈 초롱초롱 장꾸 바구진 🐦 ,10,0,3,Sep Sat 21 16:03:59 +0000 2019,
878989448821719041,#박우진 #PARKWOOJIN #AB6IX - https://t.co/4SAmViE9IH눈 초롱초롱 장꾸 바구진 🐦 ,10,15,3,Aug Tue 13 15:48:26 +0000 2019,
878989448821719041,RT @1102S213: #박우진 #PARKWOOJIN #AB6IX #AB6IX_DEBUT - https://t.co/Medu9QjoMP ,6,0,4,Aug Tue 27 16:03:53 +0000 2019,
878989448821719041,#박우진 #PARKWOOJIN #AB6IX #AB6IX_DEBUT - https://t.co/Medu9QjoMP ,6,5,4,Sep Sat 07 15:16:23 +0000 2019,
881128345584279553,RT @dom_doming: RT이벤트(3) https://t.co/myfQTsiBrB컬러링북 텀블벅의 얼리버드 선착특전 책갈피와 안경닦이 입니다.책갈피에는 '키다리 아저씨'의 주인공 제루샤가 편지를,1220,0,0,Oct Tue 15 04:34:06 +0000 2019,
881128345584279553,RT @dom_doming: RT이벤트(2) https://t.co/myfQTsiBrB컬러링 북의 삽화들로 만든 굿즈들 입니다. 하드커버 양장제본과 유광 에폭시 후가공처리 등의 제작사양은 이번 텀블,1194,0,0,Oct Mon 14 04:34:03 +0000 2019,
882864815114407936,RT @MOSS_DH_129: 주간아이돌 현장포토 #이대휘 (1)🔗 https://t.co/8XCCQExPpJ ,249,0,1,Oct Thu 17 05:40:48 +0000 2019,
882864815114407936,RT @MOSS_DH_129: 주간아이돌 현장포토 #이대휘 (2)🔗 https://t.co/8XCCQExPpJ ,114,0,1,Sep Fri 13 05:40:48 +0000 2019,
885297813097033728,#성인만화추천#썰만화ㅈㅓ장소＠화끈화끈▷▥#떡툰추천™ https://t.co/iZcFFX34QN ◁▦모르는ㅅㅏ람 ㅂㅏ보▽#썰만화ㅈㅓ장소ㅅㅏㅇㅣ트 #총수ㄷㅓㅂㅣㄱㅣ닝완결 ,0,0,5,Nov Sat 16 08:53:21 +0000 2019,
885297813097033728,ㄴㅓ무좋은곳º◐ 후끈후끈 ‡◇https://t.co/iZcFFX34QN#썰만화ㅈㅓ장소#인ㄱㅣ일본만화#호두코믹스BL#ㄴㅔㅇㅣㅂㅓ일요웹툰#웹툰보는법 ,0,0,5,Sep Fri 20 04:10:13 +0000 2019,
897445327866707968,잘생겼오ㅠㅠㅠ 미쳤나바 진짜ㅠㅠㅠㅠㅠhttps://t.co/DLWCzLJPZ2 ,142,169,0,Sep Mon 16 13:44:35 +0000 2019,
897445327866707968,아앜 어캐 넘 귀여옼ㅋㅋ큐ㅠㅠㅠㅠ 브이브이✌🏻✌🏻https://t.co/DLWCzLJPZ2 ,244,257,0,Nov Fri 22 13:44:15 +0000 2019,
907139931293736961,RT @yg_winnercity: [💙T-2🤙🏻] WINNER - ’WE’ T-2 : JINUhttps://t.co/M2uP90vxP2#WINNER #위너 #JINU #김진우 #NEW_EP #WE #AH,5609,0,9,Oct Sun 06 09:22:13 +0000 2019,
907139931293736961,RT @yg_winnercity: [💙T-4🤙🏻] WINNER - ’WE’ T-4 : MINOhttps://t.co/M2uP90vxP2#WINNER #위너 #MINO #송민호 #NEW_EP #WE #AH,6630,0,9,Aug Thu 22 09:21:35 +0000 2019,
909518845647372288,one person followed me and 2 people unfollowed me // automatically checked by ,0,0,0,Aug Tue 27 09:04:54 +0000 2019,
909518845647372288,3 people followed me and one person unfollowed me // automatically checked by ,0,0,0,Sep Mon 16 09:17:02 +0000 2019,
909518845647372288,3 people followed me and one person unfollowed me // automatically checked by ,0,0,0,Aug Wed 21 09:11:46 +0000 2019,
909518845647372288,one person followed me // automatically checked by ,0,0,0,Sep Tue 10 06:29:40 +0000 2019,
909518845647372288,2 people followed me and 2 people unfollowed me // automatically checked by ,0,0,0,Sep Wed 04 08:05:20 +0000 2019,
912282044297703429,RT @Bictimae: #JR #김종현 ( CAM BY @ksana_JR )https://t.co/VDAJtJMRqt&gt; https://t.co/UXAstJn55y ,212,0,2,Aug Sat 31 14:57:42 +0000 2019,
912282044297703429,RT @Bictimae: #JR #김종현 ( CAM BY @ksana_JR )https://t.co/VcYM6qbLXC&gt; https://t.co/UXAstJn55y ,373,0,2,Aug Sun 25 14:57:35 +0000 2019,
916253607338565633,아직 소문 못들은겨?  요즘 인기 대세라던디...   뭔 말인겨?  아...  있잖애거시기....   신천지 라고...궁금하면 요기로 들어 가서 확인 해 보더라구~~~https://t.co/cKtujap6T4시온선교센터 수강신청!  어디?요기로 ☞ https://t.co/o0Gp3mbd5Q신청번호 : 73204 ,0,0,0,Nov Sat 23 07:46:54 +0000 2019,
916253607338565633,아직 소문 못들은겨?  요즘 인기 대세라던디...   뭔 말인겨?  아...  있잖애거시기....   신천지 라고...궁금하면 요기로 들어 가서 확인 해 보더라구~~~https://t.co/cKtujap6T4시온선교센터 수강신청!  어디?요기로 ☞ https://t.co/o0Gp3mbd5Q신청번호 : 73204 ,0,0,0,Nov Mon 18 07:46:38 +0000 2019,
916253607338565633,아직 소문 못들은겨?  요즘 인기 대세라던디...   뭔 말인겨?  아...  있잖애거시기....   신천지 라고...궁금하면 요기로 들어 가서 확인 해 보더라구~~~https://t.co/cKtujap6T4시온선교센터 수강신청!  어디?요기로 ☞ https://t.co/o0Gp3mbd5Q신청번호 : 73204 ,0,0,0,Sep Sun 15 07:46:17 +0000 2019,
916253607338565633,아직 소문 못들은겨?  요즘 인기 대세라던디...   뭔 말인겨?  아...  있잖애거시기....   신천지 라고...궁금하면 요기로 들어 가서 확인 해 보더라구~~~https://t.co/cKtujap6T4시온선교센터 수강신청!  어디?요기로 ☞ https://t.co/o0Gp3mbd5Q신청번호 : 73204 ,0,0,0,Aug Sun 18 07:46:54 +0000 2019,
916253607338565633,아직 소문 못들은겨?  요즘 인기 대세라던디...   뭔 말인겨?  아...  있잖애거시기....   신천지 라고...궁금하면 요기로 들어 가서 확인 해 보더라구~~~https://t.co/cKtujap6T4시온선교센터 수강신청!  어디?요기로 ☞ https://t.co/o0Gp3mbd5Q신청번호 : 73204 ,0,0,0,Sep Fri 06 07:46:38 +0000 2019,
916253607338565633,아직 소문 못들은겨?  요즘 인기 대세라던디...   뭔 말인겨?  아...  있잖애거시기....   신천지 라고...궁금하면 요기로 들어 가서 확인 해 보더라구~~~https://t.co/cKtujap6T4시온선교센터 수강신청!  어디?요기로 ☞ https://t.co/o0Gp3mbd5Q신청번호 : 73204 ,0,0,0,Aug Wed 21 07:46:17 +0000 2019,
916458018786615296,RT @SM_NCT: 190509 Good Neighbors’ Naver Blog update with #JENO &amp; #JAEMINhttps://t.co/rSo4oXmVyn ,1029,0,2,Sep Wed 18 09:01:24 +0000 2019,
916458018786615296,RT @SM_NCT: 190509 Good Neighbors’ Naver Blog update with #JAEMINhttps://t.co/rSo4oXmVyn ,615,0,1,Aug Sat 24 09:01:18 +0000 2019,
916458018786615296,RT @SM_NCT: 190509 Good Neighbors’ Naver Blog update with #JENOhttps://t.co/rSo4oXmVyn ,744,0,1,Oct Fri 25 09:01:16 +0000 2019,
916458018786615296,RT @SM_NCT: 190509 Good Neighbors’ Naver Blog update with #JENO &amp; #JAEMIN (2)https://t.co/rSo4oXmVyn ,524,0,2,Oct Tue 29 09:01:07 +0000 2019,
927399649882783744,RT @flutter_68: #뉴이스트 #NUEST 언제나 행복만 주는 뉴이스트 행복만 가득하자💖https://t.co/ITF7dJX8yMcr. GEMINI님 (@Gemini_Bugi)(https:,230,0,2,Aug Wed 14 14:46:54 +0000 2019,
927399649882783744,RT @flutter_68: #뉴이스트 #NUEST #JR #민현https://t.co/meuQUroCqEcr. GEMINI님 (@Gemini_Bugi)(https://t.co/AM9QrEMILc) ,343,0,4,Oct Sat 05 14:44:49 +0000 2019,
948378997288611840,[ 노멀엔딩 획득] '그렇게 나는 우리는 이 순간을 영원히 기억했다… 우리의 스무살이 지나가고 있었다.' #일진에게반했을때 #일반때 #Day7  https://t.co/xK0PwGzhc4 ,0,0,3,Aug Thu 29 14:11:27 +0000 2019,
948378997288611840,속마음 I 아이템 획득! 그의 속마음 오픈♥ #일진에게반했을때 #일반때 #Day7  https://t.co/xK0PwGzhc4 ,0,0,3,Sep Sat 07 13:25:05 +0000 2019,
948378997288611840,[정지성해피엔딩 획득] '근데 심장이 왜 아팠겠어… 심장이 아픈 건 다 센세 너 때문이야!' #일진에게반했을때 #일반때 #Day7  https://t.co/xK0PwGzhc4 ,0,0,3,Sep Fri 06 13:24:20 +0000 2019,
948378997288611840,속마음 I 아이템 획득! 그의 속마음 오픈♥ #일진에게반했을때 #일반때 #Day7  https://t.co/xK0PwGzhc4 ,0,0,3,Nov Sat 02 13:04:59 +0000 2019,
948378997288611840,강아훈 스페셜룩 획득! #일진에게반했을때 #일반때 #Day7  https://t.co/xK0PwGzhc4 ,0,0,3,Oct Fri 04 12:54:41 +0000 2019,
948378997288611840,속마음 I 아이템 획득! 그의 속마음 오픈♥ #일진에게반했을때 #일반때 #Day7  https://t.co/xK0PwGzhc4 ,0,0,3,Nov Mon 04 12:49:00 +0000 2019,
948378997288611840,[스무살의 앨범] 일러스트 완성♥ #일진에게반했을때 #일반때 #Day7  https://t.co/xK0PwGzhc4 ,0,0,3,Sep Sun 08 12:42:08 +0000 2019,
948378997288611840,[스무살의 앨범] 일러스트 완성♥ #일진에게반했을때 #일반때 #Day7  https://t.co/xK0PwGzhc4 ,0,0,3,Sep Fri 13 12:29:22 +0000 2019,
948378997288611840,정지성 스페셜룩 획득! #일진에게반했을때 #일반때 #Day7  https://t.co/xK0PwGzhc4 ,0,0,3,Sep Sun 15 12:26:03 +0000 2019,
948378997288611840,서주호 스페셜룩 획득! #일진에게반했을때 #일반때 #Day7  https://t.co/xK0PwGzhc4 ,0,0,3,Aug Wed 14 12:25:51 +0000 2019,
948378997288611840,강아훈 스페셜룩 획득! #일진에게반했을때 #일반때 #Day7  https://t.co/xK0PwGzhc4 ,0,0,3,Aug Mon 26 12:25:42 +0000 2019,
948378997288611840,지현호 스페셜룩 획득! #일진에게반했을때 #일반때 #Day7  https://t.co/xK0PwGzhc4 ,0,0,3,Aug Fri 16 12:25:31 +0000 2019,
948378997288611840,[서주호해피엔딩 획득] '나 혼자 10년 동안 설레기도 힘들었다.' #일진에게반했을때 #일반때 #Day7  https://t.co/xK0PwGzhc4 ,0,0,3,Nov Fri 15 12:06:45 +0000 2019,
948378997288611840,속마음 I 아이템 획득! 그의 속마음 오픈♥ #일진에게반했을때 #일반때 #Day7  https://t.co/xK0PwGzhc4 ,0,0,3,Sep Sat 28 13:43:21 +0000 2019,
948378997288611840,도예석 스페셜룩 획득! #일진에게반했을때 #일반때 #Day7  https://t.co/xK0PwGzhc4 ,0,0,3,Sep Wed 25 13:36:05 +0000 2019,
948378997288611840,속마음 I 아이템 획득! 그의 속마음 오픈♥ #일진에게반했을때 #일반때 #Day7  https://t.co/xK0PwGzhc4 ,0,0,3,Aug Fri 23 13:03:15 +0000 2019,
948378997288611840,속마음 I 아이템 획득! 그의 속마음 오픈♥ #일진에게반했을때 #일반때 #Day7  https://t.co/xK0PwGzhc4 ,0,0,3,Aug Wed 14 13:16:40 +0000 2019,
948378997288611840,속마음 I 아이템 획득! 그의 속마음 오픈♥ #일진에게반했을때 #일반때 #Day7  https://t.co/xK0PwGzhc4 ,0,0,3,Nov Thu 07 13:16:36 +0000 2019,
948378997288611840,[도예석데이트] “근데 너 왜 자꾸 나 걱정하게 만드니? 왜 자꾸 신경 쓰이게 알짱거려.”  #일진에게반했을때 #일반때 #Day7  https://t.co/xK0PwGzhc4 ,0,0,3,Aug Thu 15 12:33:20 +0000 2019,
958029715335299072,RT @GMA: MOVES ARE 🔥#BTSonGMA 💜#BTS#ARMY@bts_twthttps://t.co/q2DN59sb2f ,42199,0,3,Sep Sun 22 22:31:04 +0000 2019,
958029715335299072,RT @GMA: .@BTS_TWT says #BoyWithLuv is a love letter from #BTS to #ARMY 💜WHO'S READY TO HEAR IT? #BTSonGMAhttps://,38101,0,4,Sep Sun 01 22:30:00 +0000 2019,
958625517984337920,RT @dytpqdlxn: [한국의 신앙인들에게]이단이라며 핍박 저주하고 편파적 무법한 행동을 하기보다 성경으로 와서 확인해야 할 것이다.https://t.co/b6JDepkAsF … … …🖥️#인,401,0,1,Sep Sun 01 06:11:34 +0000 2019,
958625517984337920,RT @dytpqdlxn: [한국의 신앙인들에게]각 교회에서 성도들이 신천지예수교회로 많이 몰려가는 이유를 확인해 보세요.https://t.co/b6JDepkAsF … …🖥️#인터넷시온선교센터 수강하,390,0,1,Nov Wed 13 06:11:27 +0000 2019,
958625517984337920,RT @dytpqdlxn: [한국의 신앙인들에게]우리 신천지예수교회(약칭 신천지)는 성경적 대화라면 마다하지 않는다. 우리 신천지는 신약 성경 계시록을 가감 없이 통달하고 있다. 확인하라https:/,400,0,0,Sep Tue 10 06:11:20 +0000 2019,
960017094694731776,RT @1027KIISFM: 'Our parents went to the Empire State Building together' - @BTS_twt sooo cute! #BTSOnSeacrest,2833,0,1,Oct Thu 10 16:23:15 +0000 2019,
960017094694731776,RT @1027KIISFM: Do they want to release solo music?? 'No.' - @BTS_twt #BTSOnSeacrest,2246,0,1,Oct Sat 12 16:22:53 +0000 2019,
960017094694731776,RT @1027KIISFM: The guys are HERE! We have more with @BTS_twt coming up! #BTSOnSeacresthttps://t.co/PkQboszyuU ,3034,0,1,Aug Thu 29 16:21:42 +0000 2019,
960017094694731776,RT @1027KIISFM: 'We have to keep a line' - @BTS_twt on why they don't share phone passwords #BTSOnSeacrest,1157,0,1,Aug Fri 16 16:21:37 +0000 2019,
960017094694731776,RT @1027KIISFM: 'We've been living together like 7 years' - @BTS_twt really are like family! #BTSOnSeacrest ,2694,0,1,Nov Wed 27 16:21:06 +0000 2019,
971921146663833600,RT @1027KIISFM: OMGGG we're *minutes* away from @BTS_twt coming in studio to hang out!!! Who's excited?!https://t.c,1450,0,0,Sep Wed 04 15:45:44 +0000 2019,
971921146663833600,RT @1027KIISFM: The guys are HERE! We have more with @BTS_twt coming up! #BTSOnSeacresthttps://t.co/PkQboszyuU ,3252,0,1,Aug Wed 21 15:45:26 +0000 2019,
971921146663833600,RT @1027KIISFM: 'We've been living together like 7 years' - @BTS_twt really are like family! #BTSOnSeacrest ,2969,0,1,Nov Fri 08 15:45:02 +0000 2019,
971921146663833600,RT @1027KIISFM: Do they want to release solo music?? 'No.' - @BTS_twt #BTSOnSeacrest,2516,0,1,Aug Wed 14 15:44:55 +0000 2019,
971921146663833600,RT @1027KIISFM: 'Our parents went to the Empire State Building together' - @BTS_twt sooo cute! #BTSOnSeacrest,3089,0,1,Nov Tue 05 15:43:39 +0000 2019,
972734514714656768,RT @lullaby_mh: https://t.co/litf6cwxkh© @alice_n_mh📼 https://t.co/saQCcHwzGB #황민현 ,44,0,1,Aug Fri 30 11:40:12 +0000 2019,
972734514714656768,RT @lullaby_mh: https://t.co/4TQyfJWievhttps://t.co/axGNsIuUMY© @alice_n_mh📼 https://t.co/saQCcHwzGB#황민현 ,238,0,1,Nov Thu 07 10:45:36 +0000 2019,
979236804975984642,RT @tvxq_fancafe: ✅ 현재까지 모금 달성률은 75%입니다. (The fund raising rate is 75%)#동방신기 #유노윤호 #최강창민 ,65,0,3,Oct Wed 02 10:43:33 +0000 2019,
979236804975984642,RT @tvxq_fancafe: ✅ 현재까지 모금 달성률은 54%입니다. (The fund raising rate is 54%)#동방신기 #유노윤호 #최강창민 ,43,0,3,Sep Mon 30 04:26:15 +0000 2019,
979786224347918336,오늘 슈짐 썰북 통판 입금 🐱마지막 날🐥입니다~! ,0,1,0,Oct Mon 07 09:24:33 +0000 2019,
979786224347918336,내일까지 입금 받습니닷😇 ,1,0,0,Oct Wed 30 10:07:00 +0000 2019,
985529616549859328,RT @flutter_68: #뉴이스트 #NUEST 언제나 행복만 주는 뉴이스트 행복만 가득하자💖https://t.co/ITF7dJX8yMcr. GEMINI님 (@Gemini_Bugi)(https:,144,0,2,Sep Tue 03 14:47:07 +0000 2019,
985529616549859328,RT @flutter_68: #뉴이스트 #NUEST #JR #민현https://t.co/meuQUroCqEcr. GEMINI님 (@Gemini_Bugi)(https://t.co/AM9QrEMILc) ,246,0,4,Sep Wed 18 13:55:20 +0000 2019,
987187817951387648,RT @ComicConSeoul: #코믹콘서울 1차 라인업 ①- 일정 : 2019년 8월 2일 ~ 4일- 장소 : 서울 코엑스- 입장권 : https://t.co/zSY2EjEWkV- Ticket(EN,1108,0,1,Sep Wed 18 06:11:42 +0000 2019,
987187817951387648,RT @ComicConSeoul: #코믹콘서울 1차 라인업 ⑥- 일정 : 2019년 8월 2일 ~ 4일- 장소 : 서울 코엑스- 입장권 : https://t.co/zSY2EjEWkV- Ticket(EN,627,0,1,Oct Sat 19 06:11:21 +0000 2019,
987355618510958592,RT @iHeartRadio: Dear #BTSArmy this is a special message for you 💜 WATCH: https://t.co/DwZ1Pxpg3U  #iHeartBTS #,4750,0,3,Sep Thu 05 12:56:57 +0000 2019,
987355618510958592,RT @iHeartRadio: Tell us what songs you want to hear tonight using the hashtags #iHeartBTS and #BTSxNYC WATCH: h,3227,0,2,Aug Tue 20 12:56:44 +0000 2019,
987355618510958592,RT @iHeartRadio: 💜 @halsey: BTS works very hard 💜WATCH: https://t.co/DwZ1Pxpg3U  #iHeartBTS #BTSxNYC@BTS_twt @bt,4896,0,2,Sep Fri 27 12:56:35 +0000 2019,
989822469413322752,아라시 랜덤리퀘 박스입니다~!자유롭게 적어주구 가세여!,0,1,0,Aug Tue 13 21:16:08 +0000 2019,
989822469413322752,아라시 랜덤리퀘 박스입니다~!자유롭게 적어주구 가세여!,0,0,0,Sep Tue 03 08:46:06 +0000 2019,
989822469413322752,아라시 랜덤리퀘 박스입니다~!자유롭게 적어주구 가세여!,0,0,0,Oct Mon 28 21:16:09 +0000 2019,
989822469413322752,자유롭게 질문해주세요☺,0,0,0,Aug Mon 26 14:46:05 +0000 2019,
989822469413322752,자유롭게 질문해주세요☺,0,0,0,Oct Sat 05 02:16:11 +0000 2019,
992409194539044864,RT @idolchamp1: 순얼방음 (X)방얼방음 (O)Photo @look_idol 📷☞https://t.co/pERRDqn7kV    20190520  YES24라이브홀 쇼케이스 #내심장어덕행 #,217,0,2,Sep Fri 27 02:19:21 +0000 2019,
992409194539044864,RT @idolchamp1: Photo @look_idol 📷☞https://t.co/pERRDqn7kV    20190520 #내심장어덕행 #오늘6시_김재환과_안녕하세요#BeginAgain_Kimj,103,0,5,Aug Mon 19 02:19:18 +0000 2019,
992409194539044864,RT @idolchamp1: 안녕하세요 몬모하세요 여섯시에요Photo @look_idol 📷☞https://t.co/pERRDqn7kV    20190520 #내심장어덕행 #오늘6시_김재환과_안녕하세요,430,0,3,Nov Mon 18 02:19:16 +0000 2019,
992951146913452032,RT @livexlive: What's next for @BTS_twt? Subscribe to #LiveXLive to watch free concerts of your favorite artists: h,540,0,1,Nov Sat 23 07:12:11 +0000 2019,
992951146913452032,RT @livexlive: 💜💜💜@BTS_twt Subscribe to #LiveXLive to watch free concerts of your favorite artists: https://t.co/lT,854,0,1,Oct Tue 22 07:12:04 +0000 2019,
992951146913452032,RT @livexlive: .@BTS_twt 💜NYC! Subscribe to #LiveXLive to watch free concerts of your favorite artists: https://t.c,1873,0,1,Oct Fri 11 07:11:39 +0000 2019,
997767239666360320,@cheolsoo0919 @Jaemyung_Lee @bareunmiraedang @coreacdy @jb_1000 @jwp615 @sangjungsim @Kr_Justice @jinbo27 @HQ_Sohn @ggholic @peacesns0206 @nylee21 https://t.co/5PDn6Wm5AX민노총이 70년대 오일쇼크로 역으로 중동건설을 한 것을 가지고 언급하는데 그 당시에 있었던 사람들에게는 엄청난 분노가 생길 것이다 솔직히 지금 세대에서 중동에 가서 외화벌이를 하라고 하면 더워서 도저히 못하겠다고 하거든 ,0,0,0,Nov Thu 07 13:04:11 +0000 2019,
997767239666360320,@cheolsoo0919 @Jaemyung_Lee @bareunmiraedang @coreacdy @jb_1000 @jwp615 @sangjungsim @Kr_Justice @jinbo27 @HQ_Sohn @ggholic @peacesns0206 @nylee21 https://t.co/5PDn6Wm5AX그리고 KB라는 회사에 대해서 말을 하면 전두환이 국제그룹 날린 것처럼 KB회사를 날려야 되거든 현대자동차는 글로벌 기업이지만 KB회사가 글로벌 기업이냐? 그런 기업에서 귀족노조가 계속 파업하면 전두환이 국제그룹 날린 것,0,0,0,Oct Thu 03 12:53:07 +0000 2019,
997767239666360320,@cheolsoo0919 @Jaemyung_Lee @bareunmiraedang @coreacdy @jb_1000 @jwp615 @sangjungsim @Kr_Justice @jinbo27 @HQ_Sohn @ggholic @peacesns0206 @nylee21 https://t.co/5PDn6Wm5AX한국노총과 하면 그나마 이해를 하고도 충분히 남는데 민노총과 그런 것을 하는 점은 솔직히 이해가 안된다 오죽하면 민노총 출신 홍영표가 민노총에 대해서 강도 높게 비판을 했을까? 이 점을 생각을 하고 또 하청업체 노조를 살리,0,0,0,Nov Tue 19 12:50:49 +0000 2019,
997767239666360320,@Jaemyung_Lee 조재훈 경기도의원 '경기도 버스요금 인상 임금인상으로 제대로 이뤄질지 우려'-경기방송 https://t.co/W1Ems9WqSE내가 하고 싶은 말은 이재명이 그런 여객업체에 대한 부조리를 타파해야 되지만 요금 200원 인상으로 해결이 되지 않고 서민들만 피해를 ,0,0,0,Sep Thu 26 07:48:31 +0000 2019,
997767239666360320,@Jaemyung_Lee 조재훈 경기도의원 경기도 버스요금 인상 임금인상으로 제대로 이뤄질지 우려-경기방송https://t.co/W1Ems9WqSE여객 대표에게 회유와 강압으로 해야 되는데 이재명이 여객 대표에게 그것을 회유와 압박으로 어떻게 해결하고 200원 인상은 서민들도 피해를 ,0,0,0,Aug Mon 19 07:45:01 +0000 2019,
997767239666360320,@Jaemyung_Lee 조재훈 경기도의원 '경기도 버스요금 인상 임금인상으로 제대로 이뤄질지 우려'-경기방송 https://t.co/W1Ems9WqSE민주당 출신 경기도의원이 경기방송에 한 말이다 200원 인상으로 괜히 서민들과 운수종사자들이 피해를 보고 있다 이재명이 여객 대표에게 어떤,0,0,0,Nov Wed 27 07:42:07 +0000 2019,
